id,front,back,status,tags
1,What drug is used for the treatment of juvenile idiopathic arthritis?,Answer: D: methotrexate Explanation: JIA: methotrexate is a conventional disease-modifying drug for persistent/moderate inflammatory arthritis; NSAIDs alone are symptomatic therapy.,valid,pediatrics leks 2026 valid
2,Which of the following concerning Carney syndrome is FALSE ?,"Answer: C: occurs after puberty, most often in men Explanation: Carney complex is autosomal dominant, usually due to an inactivating PRKAR1A mutation. PPNAD can cause cyclical/subclinical Cushing syndrome and a paradoxical cortisol rise on prolonged dexamethasone testing. The false claim is that it occurs only after puberty and mostly in men.",caveat/updated,pediatrics leks 2026 caveat_updated
3,Congenital metabolic disorders should be considered when there is an episode of:,"Answer: D: A,B,C are true Explanation: Think inborn error when an otherwise unexplained neonate/child has hydrops, a Reye-like episode, seizures, or apnoea without infection. Metabolic disease can decompensate abruptly after feeding or catabolic stress.",valid,pediatrics leks 2026 valid
4,WHICH OF THE FOLLOWING IS NOT a typical symptom of the early phase of Streptococcus agalactiae infection in neonates?,"Answer: C: osteitis Explanation: Early-onset group B streptococcal disease is classically sepsis/pneumonia with respiratory distress, pulmonary hypertension or shock; osteitis is a focal late-onset manifestation, not a typical early feature.",valid,pediatrics leks 2026 valid
5,"Which of the following clinical problems may indicate primary immunodeficiency? 1) six acute otitis media in a child 4 years of age during a year; 2) seven mild episodes of pharyngitis during a year in a 3-year-old child attending kindergarten; 3) purulent inflammation of the hip joint caused by Staphylococcus aureus in a 5-year- old child and extensive liver abscess of the same etiology at 9 years of age; 4) childhood tuberculosis in a mother, BCGitis in her son; 5) a 7-year-old unvaccinated against pneumococci boy underwent invasive pneumococcal disease; the boy had no problematic disease…","Answer: INVALID / OUTDATED - do not memorize the legacy key Caveat: The PDF truncates statement 6, yet every answer combination depends on it. The legacy key therefore cannot be independently reconstructed from the source. Explanation: SOURCE TRUNCATION: statement 6 is missing from the PDF, so the keyed combination cannot be independently reconstructed. PID red flags include recurrent severe infections, deep abscesses, unusual organisms, BCGitis, poor response to antibiotics and a suggestive family history.",invalid/outdated,pediatrics leks 2026 invalid_outdated
6,"In a patient with the symptoms of acute urticaria with no allergy in anamnesis, it is necessary to order:","Answer: E: none of the above Caveat: Legacy D requires routine CBC/CRP + skin-prick + physical provocation testing for uncomplicated acute urticaria. Modern acute urticaria is usually diagnosed clinically; testing is targeted to history or persistent/atypical disease, so E is the best offered answer. Explanation: Modern acute urticaria is usually a clinical diagnosis. In uncomplicated acute spontaneous urticaria, routine CBC/CRP, skin-prick testing and physical-provocation testing are not automatically required.",caveat/updated,pediatrics leks 2026 caveat_updated
7,What are the typical features of pseudohypoparathyroidism?,"Answer: B: low serum calcium and high serum phosphate concentrations Explanation: Pseudohypoparathyroidism = PTH resistance: low Ca, high phosphate, high PTH. Albright hereditary osteodystrophy can include shortened 4th/5th metacarpals.",valid,pediatrics leks 2026 valid
8,"Indicate FALSE sentences concerning vesico-ureteral reflux (VUR): 1) diagnosis is based on voiding cystourethrography; 2) we identify five grades of VUR; 3) only grade I primary VUR is treated conservatively; 4) refluxes with ureteral distension are treated surgically; 5) grade I, II, III VUR are treated conservatively","Answer: B: 3,4 Caveat: Legacy A treats statement 4 as true. Ureteral dilatation/high-grade VUR does not automatically mandate surgery; management is risk-based. Statements 3 and 4 are the false pair, making B the defensible option. Explanation: VUR has five grades on VCUG. Low-grade reflux is usually managed conservatively; ureteral dilatation alone does not mandate surgery. Surgery is individualized for persistent high-grade disease, breakthrough febrile UTIs, renal damage and other risk factors.",caveat/updated,pediatrics leks 2026 caveat_updated
9,A type of monogenic diabetes characterized by autosomal dominant inheritance and constantly elevated fasting glycemia which generally DOES NOT require pharmacological treatment is:,"Answer: C: MODY2 diabetes Explanation: MODY2 (GCK-MODY) causes mild, stable fasting hyperglycaemia, autosomal-dominant inheritance and usually no pharmacologic treatment outside pregnancy-specific situations.",valid,pediatrics leks 2026 valid
10,In children fever and small itchy blisters that form crusts within 7 days are the symptoms of:,Answer: D: chickenpox Explanation: Chickenpox: fever + crops of intensely pruritic vesicles that crust over. Lesions in different stages at the same time are a classic clue.,valid,pediatrics leks 2026 valid
11,A patient with measles is contagious for:,"Answer: INVALID / OUTDATED - do not memorize the legacy key Caveat: The offered intervals use 5- or 7-day windows. Current measles infectiousness is 4 days before through 4 days after rash onset, so none of the options is exactly current. Explanation: OUTDATED OPTIONS: measles is considered infectious from 4 days before through 4 days after rash onset (rash day = day 0). None of the offered intervals matches current guidance.",invalid/outdated,pediatrics leks 2026 invalid_outdated
12,"Which of the following should be performed in a male neonate in whom prolonged bleeding from the heel occurs after taking blood drop for screening tests and a hematoma develops after intramuscular administration of vitamin K? 1) examination of the clotting system in order to exclude coagulopathy, e.g. hemophilia; 2) intravenous administration of vitamin K; 3) administration of fresh frozen plasma; 4) taking family history in relation to hemophilia or other coagulopathies occurring in family members; 5) there is no need for further diagnostics","Answer: B: 1,4 Caveat: Legacy A adds empiric IV vitamin K and FFP as universal steps. In a male neonate bleeding despite prophylactic vitamin K, the key first diagnostic actions are coagulation testing and a haemophilia/family history; replacement therapy depends on the demonstrated defect and bleeding severity. Explanation: Prolonged bleeding after heel stick/IM vitamin K in a male neonate should trigger a coagulation work-up and family history for haemophilia; vitamin K is not the treatment for factor VIII/IX deficiency.",caveat/updated,pediatrics leks 2026 caveat_updated
13,"What is the optimal procedure after the contact of a pregnant woman in the third trimester with a child, who was diagnosed on the day of the contact (upon clinical course, typical skin manifestations) with erythema infectiosum (the fifth disease)? The child is ( EXCEPT for erythema) generally healthy, has no comorbidities","Answer: INVALID / OUTDATED - do not memorize the legacy key Caveat: The child with fifth disease is most infectious before the rash, so isolating the pregnant contact after rash recognition is not the key intervention. Current management after confirmed exposure is maternal B19 IgG/IgM testing, with fetal surveillance if recent infection is documented; no option states that cleanly. Explanation: CURRENT APPROACH: do not rely on isolating a pregnant contact after the child develops erythema infectiosum, because infectivity precedes the rash. After confirmed exposure, maternal parvovirus B19 IgG/IgM testing should be considered; recent maternal infection warrants fetal surveillance for anaemia/hydrops.",invalid/outdated,pediatrics leks 2026 invalid_outdated
14,The incidence of allergic diseases is continuously growing. The basic diagnostic tool for them is:,Answer: D: skin prick test Explanation: Skin-prick testing is a core tool for IgE-mediated allergy assessment when the history suggests an allergic trigger; test results must be interpreted in clinical context.,valid,pediatrics leks 2026 valid
15,A positive direct Coombs test in a patient diagnosed with haemolysis suggests: 1) ABO haemolytic disease of the newborn; 2) Rh D haemolytic disease of the newborn; 3) hemoglobinopathy; 4) atypical haemolytic-uremic syndrome; 5) spherocytosis,"Answer: A: 1,2 Explanation: A positive direct antiglobulin (Coombs) test supports immune haemolysis, classically ABO or Rh haemolytic disease of the newborn; hereditary spherocytosis and haemoglobinopathies are Coombs-negative.",valid,pediatrics leks 2026 valid
16,"Craniotabes (softening and thinning of occipital and parietal bones) may be observed in the following disorders, EXCEPT for:",Answer: D: Ehlers-Danlos syndrome Explanation: Craniotabes can occur with metabolic bone disease or skeletal fragility. Ehlers-Danlos syndrome is not a classic cause.,caveat/updated,pediatrics leks 2026 caveat_updated
17,Indicate the FALSE statement concerning respiratory function tests in children:,"Answer: INVALID / OUTDATED - do not memorize the legacy key Caveat: The item mixes an old adult bronchodilator-response threshold (12% + 200 mL) with paediatric spirometry feasibility. More than one statement becomes problematic under current paediatric interpretation, so a single false choice is unsafe. Explanation: OUTDATED/MULTIPLE-ISSUE ITEM: spirometry is generally feasible from about age 5-6 when the child can perform acceptable manoeuvres. In children, bronchodilator responsiveness is interpreted using age-appropriate criteria; the adult “12% AND 200 mL” rule should not be transplanted unchanged.",invalid/outdated,pediatrics leks 2026 invalid_outdated
18,The symptoms of cystic fibrosis include:,"Answer: E: all of the above Explanation: Cystic fibrosis combines chronic/recurrent sinopulmonary disease, pancreatic insufficiency with steatorrhoea, chronic cough and poor weight gain.",caveat/updated,pediatrics leks 2026 caveat_updated
19,A palpable tumor visible on the neonate’s head over the left parietal bone is most probably caused by:,Answer: B: cephalohematoma Explanation: Cephalohaematoma is subperiosteal blood: it is firm/palpable over a skull bone and does NOT cross suture lines. Caput succedaneum is superficial oedema and can cross sutures.,caveat/updated,pediatrics leks 2026 caveat_updated
20,Hepatitis A (anti-HAV IgM) IgM antibodies in children:,Answer: B: appear 18 to 40 days after infection and persist for 4-6 months Explanation: Anti-HAV IgM appears around symptom onset after the incubation period and generally persists for several months; the 18-40 day appearance window with persistence for roughly 4-6 months best fits the offered choices.,caveat/updated,pediatrics leks 2026 caveat_updated
21,"In a 7-year-old child, suffering from asthma treated with inhaled glucocorticoids, after a trip to the woods the aggravation of the disease occurred in the form of increasing dyspnea, cough and wheezing. The parents administered an additional dose of short- acting β -mimetic. The next step in this situation should be:","Answer: INVALID / OUTDATED - do not memorize the legacy key Caveat: The legacy choice “double the inhaled steroid” is not a universal next step for an acute exacerbation. Current care is severity/response based with repeated reliever therapy, oxygen when hypoxaemic and systemic corticosteroid for significant attacks; the offered options do not map cleanly. Explanation: OUTDATED ACUTE-ASTHMA OPTIONS: after reliever treatment, assess severity and response, give repeated inhaled bronchodilator as needed, oxygen for hypoxaemia and systemic corticosteroid for a significant exacerbation. Do not simply “double the ICS” as the universal next step.",invalid/outdated,pediatrics leks 2026 invalid_outdated
22,"When, after streptococcal infection, do the symptoms of rheumatic fever appear?",Answer: C: 3-4 weeks after the infection is over Explanation: Acute rheumatic fever usually begins about 2-4 weeks after group A streptococcal pharyngitis.,caveat/updated,pediatrics leks 2026 caveat_updated
23,The symptoms of asthma in children are:,"Answer: E: all of the above Explanation: Typical asthma symptoms include variable wheeze, cough, expiratory dyspnoea/shortness of breath and chest tightness.",caveat/updated,pediatrics leks 2026 caveat_updated
24,Beckwith-Wiedemann syndrome is associated with an increased risk of developing:,"Answer: C: Wilms tumor and hepatoblastoma Explanation: Beckwith-Wiedemann syndrome increases the risk of embryonal tumours, especially Wilms tumour and hepatoblastoma.",caveat/updated,pediatrics leks 2026 caveat_updated
25,"Meningitis in children is a life-threatening condition, therefore, in the case of bacterial etiology, antibiotic therapy must be implemented as soon as possible; optimally after collecting materials for microbiological examination (CSF, blood, other materials). The maximum time to administer antibiotic is: 1) up to 3 hours from the patient's first contact with medical care; 2) up to 1 hour if the patient is in the hospital ward; 3) to 30 minutes if the patient is in the hospital ward and meningococcal etiology is suspected",Answer: E: only 2 Caveat: Legacy A accepts a 3-hour ceiling and a special 30-minute meningococcal ceiling. Current guidance uses a single hospital priority: IV antibiotics as soon as bacterial meningitis is suspected and within 1 hour of arrival. Thus only statement 2 is current -> E. Explanation: Suspected bacterial meningitis is an emergency. Current hospital guidance is IV antibiotics as soon as suspected and within 1 hour of arrival; blood samples and LP come first only if safe and they do not cause a clinically significant delay.,caveat/updated,pediatrics leks 2026 caveat_updated
26,The complications of ketoacidosis include: 1) cerebral edema; 2) anuria; 3) acute pancreatitis; 4) gastrointestinal bleeding; 5) hypovolemic shock,"Answer: E: all the above Caveat: Legacy A includes only cerebral oedema and anuria. Paediatric DKA may also be complicated by pancreatitis, gastrointestinal bleeding and hypovolaemic shock, so the complete offered set is E. Explanation: DKA complications can include cerebral oedema, kidney injury/oliguria, pancreatitis, GI bleeding and hypovolaemic shock. Cerebral injury is the feared paediatric complication.",caveat/updated,pediatrics leks 2026 caveat_updated
27,Which of the following are observed in the course of iron deficiency anemia? 1) decreased total iron binding capacity; 2) decreased mean corpuscular hemoglobin concentration; 3) decreased percentage of the erythroblastic cells in marrow; 4) red cell poikilocytosis; 5) megaloblastic erythropoiesis in marrow,"Answer: C: 2,4 Caveat: Legacy A incorrectly includes megaloblastic erythropoiesis. Iron deficiency is microcytic/hypochromic with poikilocytosis; TIBC is increased, not decreased, and marrow is not megaloblastic. True statements are 2 and 4 -> C. Explanation: Iron deficiency anaemia is microcytic/hypochromic: low MCH/MCHC and anisopoikilocytosis. TIBC rises (not falls) and marrow is not megaloblastic.",caveat/updated,pediatrics leks 2026 caveat_updated
28,"In a 12-year-old patient with type 1 diabetes mellitus, treated with a personal insulin pump, hypoglycaemia occurs. It could be caused by: 1) overdose of long-acting insulin; 2) taking too high bolus dose at a meal; 3) eating less food than planned; 4) additional physical activity","Answer: B: 2,3,4 Caveat: Legacy A assumes long-acting insulin is being used in a pump. Pumps deliver rapid-acting insulin; excessive bolus, eating less than planned and extra exercise can all cause hypoglycaemia -> B. Explanation: An insulin pump uses rapid-acting insulin; hypoglycaemia can follow an excessive meal bolus, eating less than planned or unexpected exercise - not an overdose of long-acting insulin that is not being used.",caveat/updated,pediatrics leks 2026 caveat_updated
29,"A 12-year-old girl was admitted to the ward because of an acute paroxysmal abdominal pain located in the epigastrium and the right subcostal region, radiating to the right side, that appeared the previous morning. The laboratory test showed: ALT 278 U/L, AST 47 U/L, GGTP 178 IU/L, lipase 167 IU/L, amylase 248 mg%, direct bilirubin 2.06 mg%, indirect bilirubin 1.02 mg%. The most probable diagnosis is:",Answer: B: gallstones Explanation: RUQ/epigastric colic with cholestatic enzymes and direct hyperbilirubinaemia points to gallstone/biliary disease.,caveat/updated,pediatrics leks 2026 caveat_updated
30,Which antipyretic may be given to a 2-month-old child?,"Answer: D: 0.75 mL of paracetamol suspension (100 mg/1 mL), i.e. 15 mg/kg/dose Explanation: At 2 months, paracetamol can be used at an age/weight-appropriate dose. Ibuprofen is generally avoided in infants under 3 months unless specifically directed. Q31-Q60",caveat/updated,pediatrics leks 2026 caveat_updated
31,The most common causes of lower gastrointestinal tract bleeding in infants are: 1) Schoenlein-Henoch disease; 2) anal fistula; 3) food allergy; 4) inflammatory bowel diseases; 5) intussusception,"Answer: INVALID / OUTDATED - do not memorize the legacy key Caveat: The source omits option A and uses “anal fistula” where an anal fissure is the usual infant bleeding diagnosis. Because the answer set cannot be reconstructed reliably, do not memorize the legacy key. Explanation: SOURCE LAYOUT ERROR: option A is missing and the stem says “anal fistula,” likely where “anal fissure” was intended. In infants, common lower-GI bleeding causes include anal fissure and cow-milk-protein allergic proctocolitis; intussusception is an important acute cause.",invalid/outdated,pediatrics leks 2026 invalid_outdated
32,Polyuria with hypostenuria is typical of:,Answer: D: diabetes insipidus Explanation: Exam anchor: diabetes insipidus. Retain this as the single best answer for the clinical fact tested in this stem.,valid,pediatrics leks 2026 valid
33,A GP diagnosed pertussis in a mother of a 3-week-old neonate. What is the correct management in this case?,"Answer: B: child should be given azithromycin for 5 days Explanation: Pertussis is treated and close-contact prophylaxis is given with a macrolide, commonly azithromycin; young infants are at highest risk of severe disease.",valid,pediatrics leks 2026 valid
34,"Parents present to the GP a 6-week-old infant, born in February 2017, for vaccinations. Indicate the correct management concerning the immunisation against invasive pneumococcal disease (IPD) taking into consideration that the child was born at 36 week of gestation and the birth weight was 2100 g:",Answer: C: the child can be vaccinated against IPD within the frame of mandatory vaccinations (free of charge) using the schedule: three doses of primary immunisations and one booster dose Explanation: A preterm infant (<37 weeks) belongs to the higher-risk pneumococcal schedule in the Polish programme; the 3-dose primary series plus booster (3+1) is the tested answer.,caveat/updated,pediatrics leks 2026 caveat_updated
35,Parents present to a pediatrician their 7-year-old child born abroad and NEVER vaccinated against Haemophilus influenzae type b for deciding about the completion of the vaccination. Indicate the correct decision of the doctor:,Answer: E: there is no indication to vaccinate a 7-year old child against Haemophilus influenzae type b Explanation: Routine Hib catch-up is not indicated for an otherwise healthy 7-year-old simply because the primary series was missed; older children are vaccinated only for defined risk indications.,caveat/updated,pediatrics leks 2026 caveat_updated
36,The well-child visit schedule up to 12 months of life should include:,"Answer: INVALID / OUTDATED - do not memorize the legacy key Caveat: The current Polish preventive-examination schedule does not match any offered visit count/sequence; patronage visits and preventive health examinations are also not interchangeable. Treat the item as dated. Explanation: CURRENT POLISH PREVENTIVE CARE: first-year health checks include the newborn/“zero” assessment and preventive assessments around 1-4 weeks, 2-6 months, 9 months and 12 months; patronage visits are a separate midwife service. None of the listed schedules matches cleanly.",invalid/outdated,pediatrics leks 2026 invalid_outdated
37,The alarming symptoms of gastroesophageal reflux disease in children include: 1) swallowing disturbances; 2) diarrhea; 3) attacks of cough and dyspnea at night; 4) constipation; 5) weight loss,"Answer: C: 1,3,5 Caveat: Legacy A omits weight loss, an important alarm feature. C best captures dysphagia + nocturnal respiratory symptoms + weight loss, but current GERD “red flag” terminology is broader and chronic diarrhoea can signal an alternative diagnosis, so retain the caveat. Explanation: Paediatric GERD alarm features include dysphagia, nocturnal respiratory symptoms and weight loss/failure to thrive; these prompt evaluation for complications or another diagnosis.",caveat/updated,pediatrics leks 2026 caveat_updated
38,WHICH OF THE FOLLOWING IS NOT an indication for the histopathological examination of an enlarged lymph node in a child?,"Answer: D: neck lymph node enlargement lasting for a week, accompanying pharyngitis Explanation: A node enlarged for only about a week during acute pharyngitis is usually reactive and is not, by itself, an indication for histopathology. Supraclavicular nodes, B symptoms, suspicious ultrasound or progressive painless enlargement are red flags.",caveat/updated,pediatrics leks 2026 caveat_updated
39,The most common cause of food allergy in infants is:,Answer: C: cow's milk proteins Explanation: Cow’s-milk protein is the most common food allergen in infancy.,caveat/updated,pediatrics leks 2026 caveat_updated
40,The symptoms characteristic of streptococcal tonsillitis are:,"Answer: D: fever, severe sore throat, abdominal pain, vomiting Explanation: GAS tonsillopharyngitis often causes abrupt fever, severe sore throat, tender anterior cervical nodes and tonsillar exudate; abdominal pain/vomiting are common in children, while cough/coryza favour viral disease.",caveat/updated,pediatrics leks 2026 caveat_updated
41,WHICH OF THE FOLLOWING IS NOT a criterion necessary to diagnose growing pains in children (according to Peterson and Mellson)?,"Answer: D: positive family history of growing pains Explanation: A positive family history is not required for growing pains. Typical pain is bilateral lower-limb pain, evening/night predominance, normal examination/labs, and no morning symptoms.",caveat/updated,pediatrics leks 2026 caveat_updated
42,A seven-year-old girl visited her friend suffering from measles. The boy had had a rash for 6 days. What post-exposure prophylaxis should be performed in the girl?,"Answer: E: none, there is no need for a post-exposure prophylaxis Explanation: The measles case was already on rash day 6 at the visit. Typical infectivity ends after rash day 4 in an immunocompetent person, so this encounter is outside the usual infectious window.",caveat/updated,pediatrics leks 2026 caveat_updated
43,Which of the following is the most common cause of blindness in children in Poland?,Answer: C: retinopathy of prematurity Explanation: Classic LEK/Poland teaching: retinopathy of prematurity is a major cause of childhood visual impairment/blindness; remember prematurity and oxygen exposure as key risk factors.,caveat/updated,pediatrics leks 2026 caveat_updated
44,Hypoparathyroidism occurs in the following diseases EXCEPT for:,Answer: E: CaSR inactivating mutation Explanation: An inactivating CaSR mutation causes familial hypocalciuric hypercalcaemia / neonatal severe hyperparathyroidism - not hypoparathyroidism. Activating CaSR mutations cause hypocalcaemia.,valid,pediatrics leks 2026 valid
45,Risk factors for urolithiasis DO NOT include:,"Answer: D: hypermagnesuria Explanation: Stone risks include hypercalciuria, hyperoxaluria, hyperuricosuria and hypocitraturia. Magnesium complexes oxalate and is generally protective rather than a classic “hypermagnesuria” risk.",valid,pediatrics leks 2026 valid
46,"While riding a bike, a teenage boy treated with insulin for type 1 diabetes suddenly felt weakness, heart palpitations and a tremor in his hands. What should he do first of all?","Answer: B: drink 200 mL of juice Explanation: Exercise-associated adrenergic symptoms in a child with type 1 diabetes = treat suspected hypoglycaemia first with fast carbohydrate, such as juice; recheck glucose after about 15 minutes.",valid,pediatrics leks 2026 valid
47,"Which of the following statements concerning food challenge test (FCT), regarded as a valuable diagnostic tool in food allergy, is FALSE ?",Answer: E: usually at least two food allergens are applied simultaneously in the food challenge test Explanation: Oral food challenge tests one suspected food at a time under supervision; DBPCFC is the diagnostic gold standard when needed. Simultaneously challenging with multiple allergens defeats attribution of the reaction.,caveat/updated,pediatrics leks 2026 caveat_updated
48,Indicate the FALSE statement concerning the second heart sound splitting in children:,"Answer: INVALID / OUTDATED - do not memorize the legacy key Caveat: More than one statement is false: physiologic S2 splitting varies with respiration; ASD classically causes fixed splitting, while pulmonary stenosis causes wide splitting rather than the stated fixed pattern. One false choice cannot be isolated cleanly. Explanation: INVALID: normal S2 splitting widens with inspiration; a fixed split is classic for ASD. Pulmonary stenosis causes a wide split, and several offered statements are not cleanly correct, so there is more than one false statement.",invalid/outdated,pediatrics leks 2026 invalid_outdated
49,Chronic fatigue syndrome is a complication of:,Answer: A: infectious mononucleosis Explanation: EBV infectious mononucleosis can be followed by prolonged post-infectious fatigue.,valid,pediatrics leks 2026 valid
50,"The most probable diagnosis in a patient with recurrent infections, thrombocytopenic purpura (the onset in the first six months of live) and eczema (atopic dermatitis-type) is:",Answer: E: Wiskott-Aldrich syndrome Explanation: Exam anchor: Wiskott-Aldrich syndrome. Retain this as the single best answer for the clinical fact tested in this stem.,valid,pediatrics leks 2026 valid
51,The most common cause of hyperthyroidism in adolescents is:,Answer: B: Graves’ disease Explanation: Graves disease is the most common cause of hyperthyroidism in children and adolescents.,valid,pediatrics leks 2026 valid
52,A 10-year-old child with diabetes diagnosed one year ago was completely vaccinated against hepatitis B in the infancy. The parents ask whether the child needs the revaccination against hepatitis B due to the diabetes. Which is the right answer?,"Answer: A: the child does not need any further vaccinations against hepatitis B Caveat: Legacy B requires routine anti-HBs testing before deciding. An immunocompetent child who completed the HepB series does not need routine post-vaccination serology or boosters solely because of diabetes -> A. Explanation: CURRENT IMMUNIZATION PRINCIPLE: an immunocompetent child who completed a HepB series does not routinely need anti-HBs testing, boosters or revaccination solely because of diabetes.",caveat/updated,pediatrics leks 2026 caveat_updated
53,The respiratory rate in a normal active 2-year-old child should not exceed:,Answer: C: 40/min Explanation: Exam anchor: 40/min. Retain this as the single best answer for the clinical fact tested in this stem.,valid,pediatrics leks 2026 valid
54,Indicate the true statement concerning vesicoureteral reflux:,Answer: C: incidence of urinary tract infections is increased in children with this defect Explanation: Exam anchor: incidence of urinary tract infections is increased in children with this defect. Retain this as the single best answer for the clinical fact tested in this stem.,valid,pediatrics leks 2026 valid
55,A neonate is regarded as born prematurely if the pregnancy lasted less than:,Answer: E: 37 weeks or 259 days Explanation: Exam anchor: 37 weeks or 259 days. Retain this as the single best answer for the clinical fact tested in this stem.,caveat/updated,pediatrics leks 2026 caveat_updated
56,"Which of the following rise a suspicion of disturbances of the urea cycle in a neonate: 1) vomiting after the first feeding with proteins in a previously healthy neonate; 2) sudden loss of appetite, tremor, seizures, decreased muscle tone, sleepiness or coma in a previously healthy neonate; 3) agitation and generalized rigidity in a previously healthy neonate; 4) increased concentrations of ammonia in serum; 5) decreased concentrations of ammonia in serum","Answer: C: 1,2,4 Caveat: Legacy A substitutes agitation/rigidity for the more typical hyperammonaemic encephalopathy pattern. Protein-triggered vomiting, lethargy/seizures/hypotonia/coma and elevated ammonia are the key cluster -> 1,2,4 = C. Explanation: Urea-cycle defects: protein feeding can precipitate vomiting, encephalopathy/seizures/hypotonia and marked hyperammonaemia in a previously well neonate.",caveat/updated,pediatrics leks 2026 caveat_updated
57,"Apart from careful history taking, skin prick tests (SPT) are a crucial diagnostic tool in allergology. Indicate the true statements concerning SPT in children: 1) SPT IS NOT recommended in children younger than 3 years; 2) in the case of allergy to airborne allergens, the result of SPT in children strongly correlates with the clinical symptoms of the disease; 3) SPT indicate the presence of allergen-specific IgE on skin mast cells; 4) when IgE-mediated food allergy (e.g. to vegetables or fruit) is suspected, SPT with a native allergen may be performed; 5) size of erythema to specific…","Answer: INVALID / OUTDATED - do not memorize the legacy key Caveat: The source itself cuts off statement 5 (“size of erythema…”). Because the answer options refer to statement 5, the legacy A and any replacement combination are not auditable from the source. Explanation: The source does not support one defensible modern single-best answer; retain the corrected teaching point rather than memorizing the legacy key.",invalid/outdated,pediatrics leks 2026 invalid_outdated
58,Which of the following can be found in a child with somatotropic pituitary insufficiency (growth hormone deficit): 1) low birth-weight; 2) normal bone and dental age; 3) decreased rate of growth at the preschool age; 4) signs of increased intracranial pressure caused by a tumor (e.g. craniopharyngioma),"Answer: E: 3,4 Caveat: Legacy A says all statements are true, but congenital GH deficiency usually has normal birth size and bone/dental age becomes delayed. Growth deceleration and a mass effect from a lesion such as craniopharyngioma are defensible -> E. Explanation: Exam anchor: 3,4. Retain this as the single best answer for the clinical fact tested in this stem.",caveat/updated,pediatrics leks 2026 caveat_updated
59,"Indicate the true statements concerning the severe combined immunodeficiency (SCID): 1) it is a genetic disorder consisting in the absence or dysfunction of lymphocytes T that may be accompanied by the absence of lymphocytes B, NK or other cells of the hematologic system; 2) it is the most common type of primary immunodeficiency in children; 3) if left untreated it usually leads to death in the first year of life; 4) hematopoietic cell transplantation may result in permanent cure; 5) it may be radically treated by regular administration of immunoglobulins","Answer: B: 1,3,4 Caveat: Legacy A incorrectly calls SCID the most common primary immunodeficiency and omits untreated first-year mortality. SCID is a severe T-cell disorder; without definitive therapy it is often fatal in infancy, and HSCT can cure -> 1,3,4 = B. Explanation: Exam anchor: 1,3,4. Retain this as the single best answer for the clinical fact tested in this stem.",caveat/updated,pediatrics leks 2026 caveat_updated
60,"In a 6-month-old girl in a good general condition, the urine for urinalysis was collected into the bag specimen. On urinalysis, 10-20 leukocytes in the visual field were noticed, urine for culture was taken. What should the pediatrician do?","Answer: INVALID / OUTDATED - do not memorize the legacy key Caveat: A bag specimen is too contamination-prone to establish UTI by culture. The offered “mid-stream” repeat in a 6-month-old is not a dependable substitute for a properly collected catheter/SPA or feasible clean-catch specimen, leaving no clean single best option. Explanation: A urine-bag specimen is prone to contamination and cannot confirm UTI. In a stable infant with an abnormal screening urinalysis, obtain a properly collected specimen (catheter/SPA, or clean-catch when feasible) for urinalysis and culture before diagnosing UTI. Q61-Q90",invalid/outdated,pediatrics leks 2026 invalid_outdated
61,Acute pharyngitis in children 3-4 years of age:,Answer: C: is most often caused by viruses and does not require antibiotic therapy Explanation: Exam anchor: is most often caused by viruses and does not require antibiotic therapy. Retain this as the single best answer for the clinical fact tested in this stem.,caveat/updated,pediatrics leks 2026 caveat_updated
62,"A 7-year-old boy is under psychiatric care due to learning disabilities and behavioral problems. Recently, neurologic deterioration that includes hearing loss and visual deficits has been recognized. The plasma concentration of very long chain fatty acids is elevated. What is the probable diagnosis?",Answer: A: X-linked adrenoleukodystrophy Explanation: Exam anchor: X-linked adrenoleukodystrophy. Retain this as the single best answer for the clinical fact tested in this stem.,caveat/updated,pediatrics leks 2026 caveat_updated
63,Indicate the true statement concerning pneumonia in children:,"Answer: A: age < 6 months of a child with pneumonia is an indication for hospitalization Explanation: Pneumonia in a young infant, especially <6 months with significant symptoms, lowers the threshold for hospital assessment. Hypoxaemia thresholds are generally below 92-94%, not simply <95% in every guideline.",caveat/updated,pediatrics leks 2026 caveat_updated
64,Which of the following is the absolute CONTRAINDICATION to the gastric lavage in a child who ingested a toxic substance?,"Answer: D: ingestion of a corrosive agent, alkaline or acid one Explanation: Corrosive ingestion is an absolute reason not to perform gastric lavage because re-exposure can worsen oesophageal injury and aspiration risk.",caveat/updated,pediatrics leks 2026 caveat_updated
65,"The cerebrospinal fluid test performed in a 15-year-old child showed: cell count 420 /µL, 86% lymphocytes, erythrocytes 3/µL, glucose concentration 61 mg/dL, protein concentration 46 mg/dL, chloride ion concentration 122 mmol/L. The result is characteristic of:",Answer: C: viral meningitis Explanation: Exam anchor: viral meningitis. Retain this as the single best answer for the clinical fact tested in this stem.,caveat/updated,pediatrics leks 2026 caveat_updated
66,The incubation period of hepatitis A in children is:,Answer: D: 15-40 days Explanation: HAV is faeco-oral with an incubation of roughly 2-6 weeks; anti-HAV IgM indicates acute/recent infection.,caveat/updated,pediatrics leks 2026 caveat_updated
67,Indicate the true statement concerning Credé method:,Answer: C: is based on the instillation of a 1% solution of silver nitrate into each eye Explanation: Credé prophylaxis is a historical ophthalmia-neonatorum method using 1% silver nitrate. Modern prophylaxis varies by country and usually uses an antibiotic ointment rather than silver nitrate.,caveat/updated,pediatrics leks 2026 caveat_updated
68,"In a child with a confirmed diagnosis of coeliac disease, i.e. permanent gluten intolerance, the following products should be totally eliminated from the diet: 1) wheat; 2) rye; 3) corn; 4) barley; 5) rice","Answer: A: 1,2,4 Explanation: Exam anchor: 1,2,4. Retain this as the single best answer for the clinical fact tested in this stem.",valid,pediatrics leks 2026 valid
69,WHICH OF THE FOLLOWING IS NOT a cause of obesity in children?,Answer: B: leprechaunism Explanation: Exam trap: leprechaunism is the excluded/false choice. The table/true-set above shows what remains correct.,caveat/updated,pediatrics leks 2026 caveat_updated
70,Mild course tuberculosis includes: 1) cutaneous tuberculosis; 2) osteoarticular tuberculosis; 3) tuberculous spondylitis; 4) miliary tuberculosis; 5) lymphonodular tuberculosis,"Answer: A: 1,2,5 Explanation: Exam anchor: 1,2,5. Retain this as the single best answer for the clinical fact tested in this stem.",valid,pediatrics leks 2026 valid
71,Which of the following antibiotics should be used in the treatment of acute pyelonephritis in a 2-year-old child?,Answer: C: 3 -generation cephalosporin Explanation: Exam anchor: 3 -generation cephalosporin. Retain this as the single best answer for the clinical fact tested in this stem.,valid,pediatrics leks 2026 valid
72,Which of the following can be anticipated in a child with Marfan syndrome (mutation in the FBN1 gene encoding fibrillin-1): 1) proportional above-average height; 2) abnormal joint flexibility; 3) male gender; 4) scoliosis; 5) aortic stenosis; 6) cataract,"Answer: E: 2,4 Caveat: Legacy A makes proportional tall stature, male sex, aortic stenosis and cataract part of Marfan syndrome. The robust listed features are joint laxity and scoliosis; classic ocular/cardiac findings are ectopia lentis and aortic-root disease -> E. Explanation: Marfan: joint laxity and scoliosis fit. Height is characteristically disproportionate (long limbs), there is no male predilection, the aortic lesion is root dilatation/aneurysm rather than stenosis, and the ocular hallmark is ectopia lentis rather than cataract.",caveat/updated,pediatrics leks 2026 caveat_updated
73,"Taking into consideration a theoretical risk of foetus malformations caused by the vaccine, an attenuated strain of rubella virus, what is the minimal interval between the vaccination with a combined measles-mumps-rubella vaccine and the planned pregnancy according to the Polish National Program of Immunizations?",Answer: B: 4 weeks Explanation: Avoid pregnancy for at least 4 weeks after a live MMR vaccine.,caveat/updated,pediatrics leks 2026 caveat_updated
74,Which karyotype is found in a patient with Morris syndrome?,Answer: D: 46 XY Explanation: Exam anchor: 46 XY. Retain this as the single best answer for the clinical fact tested in this stem.,valid,pediatrics leks 2026 valid
75,Factors which can disturb the fetal growth DO NOT include:,Answer: D: mother’s diet rich in folic acid Explanation: Exam trap: mother’s diet rich in folic acid is the excluded/false choice. The table/true-set above shows what remains correct.,caveat/updated,pediatrics leks 2026 caveat_updated
76,Which of the following is most commonly used in the pharmacological treatment of vasovagal syncope in children?,Answer: A: mineralocorticoid Explanation: Fludrocortisone is one pharmacologic option for recurrent vasovagal syncope when lifestyle measures fail; increased salt/fluid is first-line non-pharmacologic management.,caveat/updated,pediatrics leks 2026 caveat_updated
77,"A woman comes to the GP with her 4-year-old daughter, who has had a fever up to 39.5 ºC since the morning. The child complains of strong sore throat too. The physical examination reveals enlarged tonsils covered with white exudate and pus plugs. Anterior cervical lymph nodes are also enlarged. The clinical image allows the diagnosis of:","Answer: D: acute streptococcal pharyngitis and tonsillitis, but the decision on antibiotic therapy should be based on the rapid strep test result Explanation: With suspected GAS pharyngitis in a child, microbiologic confirmation (rapid antigen test +/- culture depending result/local policy) should guide antibiotics rather than treating solely from Centor/McIsaac score.",caveat/updated,pediatrics leks 2026 caveat_updated
78,Acute lymphoblastic leukemia (ALL) in a child population presents a relatively good prognosis compared with other neoplastic diseases. Which of the following is a prognostic high risk factor in ALL in children that urges intensive treatment and decreases chances of curing the disease?,Answer: B: presence of translocation t(9;22) Explanation: Philadelphia chromosome t(9;22)/BCR::ABL1 is a high-risk ALL feature and changes treatment intensity/targeted therapy.,caveat/updated,pediatrics leks 2026 caveat_updated
79,Which of the following diagnostic methods allows the identification of scars in the kidney?,Answer: A: DMSA scintigraphy Explanation: DMSA renal scintigraphy is the classic study for cortical renal scars.,caveat/updated,pediatrics leks 2026 caveat_updated
80,The doses of medications in children depending on the substance and the way of administration are calculated: 1) per kilogram of body weight; 2) per square meter of body surface; 3) as in adults for children older than 6 years; 4) as in adults for children older than 10 years; 5) as in adults for children with body weight of 40 kg or more,"Answer: B: 1,2,5 Caveat: Legacy A includes an arbitrary adult-dose cutoff at age 10. Paediatric doses are commonly weight- or BSA-based; adult dosing may be used when an adolescent reaches about adult body size/40 kg depending on the drug -> 1,2,5 = B. Explanation: Paediatric dosing is commonly weight- or body-surface-area based; adult dosing can be used for many drugs once approximately adult body weight is reached, but age cut-offs alone are not a universal rule.",caveat/updated,pediatrics leks 2026 caveat_updated
81,Invasive meningococcal disease was diagnosed in a 4-year-old child admitted to the hospital. What preventive measure should be implemented in a 2-year-old brother of the hospitalized child living in the same household?,Answer: C: one dose of ceftriaxone 125 mg should be given Explanation: Close household contacts of invasive meningococcal disease need prompt chemoprophylaxis; ceftriaxone is an accepted single-dose option for young children.,caveat/updated,pediatrics leks 2026 caveat_updated
82,A 3-year-old child suffers from significant pruritus aggravating at night. There are irregular papules on the skinfolds between digits. There are excoriations visible on the foot skin and in the intergluteal area. The probable diagnosis is:,Answer: A: scabies Explanation: Exam anchor: scabies. Retain this as the single best answer for the clinical fact tested in this stem.,caveat/updated,pediatrics leks 2026 caveat_updated
83,"Cystic fibrosis consists in inherited malfunction of the chloride channel. It results in the decreased excretion of chloride and the increased absorption of natrium into cells, which leads to ion disturbances and dehydration of the secretion of exocrine glands. Thus, it is true that in children with cystic fibrosis more often than in healthy children: 1) sweat contains less chloride, which is used in the diagnostics; 2) bronchiectasis may occur; 3) cholestasis and cholelithiasis may occur; 4) sinusitis and nasal polyps may occur; 5) exocrine pancreatic insufficiency may be observed while the…","Answer: INVALID / OUTDATED - do not memorize the legacy key Caveat: The source truncates statement 5, and the proposed corrected combination depends on it. The safe action is to mark the item source-truncated rather than invent the missing clause. Explanation: CF sweat chloride is increased, not decreased. Bronchiectasis, hepatobiliary disease, sinus disease/nasal polyps and exocrine pancreatic insufficiency are classic complications.",invalid/outdated,pediatrics leks 2026 invalid_outdated
84,The most common type of juvenile idiopathic arthritis in children is:,Answer: A: oligoarticular juvenile idiopathic arthritis Explanation: Oligoarticular JIA is the most common JIA category in children.,caveat/updated,pediatrics leks 2026 caveat_updated
85,The most common causes of macrocytic anaemia in children include:,"Answer: A: deficiency of vitamin B , deficiency of folic acid, hypothyroidism, liver diseases Explanation: Exam anchor: deficiency of vitamin B , deficiency of folic acid, hypothyroidism, liver diseases. Retain this as the single best answer for the clinical fact tested in this stem.",valid,pediatrics leks 2026 valid
86,The elements of primary prophylaxis of atopic dermatitis include:,"Answer: INVALID / OUTDATED - do not memorize the legacy key Caveat: The prevention recommendations embedded in the item reflect older atopic-dermatitis prevention concepts. Evidence for exclusive breastfeeding/hydrolysates/emollients as primary prevention has evolved, and the offered combinations do not form one durable current answer. Explanation: OUTDATED PREVENTION ITEM: avoid tobacco smoke; routine maternal/infant allergen avoidance and universal prophylactic emollient or hydrolysed-formula strategies are not established as a single evidence-based primary-prevention package for atopic dermatitis.",invalid/outdated,pediatrics leks 2026 invalid_outdated
87,The appropriate treatment after the diagnosis of streptococcal angina is:,Answer: B: penicillin V (phenoxymethylpenicillin) for 10 days Explanation: Exam anchor: penicillin V (phenoxymethylpenicillin) for 10 days. Retain this as the single best answer for the clinical fact tested in this stem.,valid,pediatrics leks 2026 valid
88,WHICH OF THE FOLLOWING IS NOT used to diagnose obesity in children?,Answer: E: crown-rump length (CRL) Explanation: Exam trap: crown-rump length (CRL) is the excluded/false choice. The table/true-set above shows what remains correct.,valid,pediatrics leks 2026 valid
89,Which of the following factor increase the risk of urolithiasis? 1) increased fluid intake; 2) familial history of urolithiasis; 3) warm climate; 4) infection caused by Proteus mirabilis,"Answer: D: 2,3,4 Caveat: Legacy A treats increased fluid intake as a stone risk. Higher fluid intake is protective; family history, hot climate/dehydration and urease-producing Proteus infection increase risk -> D. Explanation: Stone risk rises with family history, hot climate/dehydration and urease-producing Proteus infection. Higher fluid intake is protective.",caveat/updated,pediatrics leks 2026 caveat_updated
90,Which of these symptoms is the least probable symptom of the extragastric presentation of gastric reflux disease in children?,"Answer: B: rickets Explanation: Most infant reflux is physiologic; alarm signs such as dysphagia, haematemesis, weight loss/faltering growth or neurologic/systemic illness prompt evaluation for GERD/other disease. Q91-Q120",valid,pediatrics leks 2026 valid
91,"A 5-year-old girl, healthy and properly developing so far, was referred to the ER because of disturbances of consciousness, poor general condition and significant dehydration with rapid, deep breathing. From anamnesis you find out that she has lost 3 kg of weight for the last 2 weeks, and begun wetting. Previously she used to drink a lot, but the last day she stopped drinking and urinating; she complained of severe abdominal pain and vomiting. Indicate the most probable diagnosis:","Answer: A: ketoacidosis in the course of previously undiagnosed diabetes mellitus Explanation: Polyuria/polydipsia, weight loss, dehydration, abdominal pain/vomiting and Kussmaul breathing = diabetic ketoacidosis until proven otherwise.",caveat/updated,pediatrics leks 2026 caveat_updated
92,Which of the following conditions are characterized by increased urine loss of phosphates? 1) Fanconi syndrome; 2) tumor lysis syndrome during chemotherapy; 3) hypophosphatemic rickets; 4) hyperparathyroidism; 5) hypoparathyroidism,"Answer: A: 1,2,3,4 Explanation: Exam anchor: 1,2,3,4. Retain this as the single best answer for the clinical fact tested in this stem.",valid,pediatrics leks 2026 valid
93,Which stage of chronic kidney disease should be diagnosed in a 16-year-old patient with lupus nephropathy and eGFR = 45 ml/min/1.73 m ?,Answer: C: 3 Explanation: Exam anchor: 3. Retain this as the single best answer for the clinical fact tested in this stem.,valid,pediatrics leks 2026 valid
94,Which of the following symptoms IS NOT characteristic of streptococcal pharyngitis and tonsillitis?,"Answer: A: mucus discharge in the nasal passages Caveat: Legacy E labels a scarlatiniform rash as “not characteristic,” but scarlet fever is a GAS toxin manifestation. Coryza/mucous nasal discharge argues against GAS pharyngitis -> A. Explanation: Coryza/nasal discharge argues strongly against classic GAS pharyngitis. Palatal petechiae, tender anterior cervical nodes and a scarlatiniform rash can occur with GAS.",caveat/updated,pediatrics leks 2026 caveat_updated
95,"A 3-year-old girl came to the clinic because of malaise, abdominal pain, and oedema localized mainly in the lower limbs. The urinalysis revealed: the SG-1.030, pH-6.0, erythrocytes-0-1 in the field of vision, leukocytes-0-1 in the field of vision, protein-1170 mg/dL, nitrites-absent. Which of the following is the most likely diagnosis?",Answer: E: nephrotic syndrome Explanation: Heavy proteinuria + oedema + hypoalbuminaemia is nephrotic syndrome.,valid,pediatrics leks 2026 valid
96,Indicate the correct sentence concerning bronchiolitis:,"Answer: D: it is the most common form of inflammation in the lower respiratory tract in infants Explanation: Bronchiolitis is usually viral (RSV common) in infants; treatment is mainly supportive with oxygen/hydration as needed, not routine antibiotics or bronchodilators.",valid,pediatrics leks 2026 valid
97,"Which of the following are characteristic of Wilson disease in children? 1) excessive storage of copper in the liver accompanied by the increased serum activity of aminotransferases; 2) frequent neurological disorders, especially dysarthria; 3) frequent presence of Kayser- Fleischer ring of the cornea; 4) increased serum ceruloplasmin concentration; 5) increased urinary copper excretion","Answer: C: 1,5 Caveat: Legacy A overstates frequent neurologic/Kayser-Fleischer findings in children and omits increased urinary copper. In paediatric hepatic Wilson disease, increased hepatic copper/transaminases plus increased urinary copper are the clean pair -> C. Explanation: Wilson disease: hepatic copper accumulation and increased urinary copper excretion; ceruloplasmin is usually low. Kayser-Fleischer rings/neurologic disease are less common in young children than in adolescents/adults.",caveat/updated,pediatrics leks 2026 caveat_updated
98,Inhaled corticosteroids may be used in the treatment of:,"Answer: INVALID / OUTDATED - do not memorize the legacy key Caveat: Nebulized budesonide is an accepted croup treatment, while ICS-containing treatment is fundamental in modern asthma care. The wording makes more than one option defensible, so a single answer is unsafe. Explanation: INVALID/UPDATED: nebulized budesonide is effective for croup, and modern asthma care uses ICS-containing treatment across essentially all persistent asthma severities. The option wording creates more than one defensible statement.",invalid/outdated,pediatrics leks 2026 invalid_outdated
99,"A 10-year-old child was referred to the out-patient pulmonary clinic because of a chronic cough and recurrent respiratory tract infections, usually occurring with an expectoration of purulent sputum. The medical history shows meconium ileus after the birth and a small body weight gain. The episodes of steatorrhea are also present. Which of the following is the most probable diagnosis?",Answer: D: cystic fibrosis Explanation: Exam anchor: cystic fibrosis. Retain this as the single best answer for the clinical fact tested in this stem.,caveat/updated,pediatrics leks 2026 caveat_updated
100,Phakomatoses DO NOT include:,Answer: E: Tay-Sachs disease Explanation: Exam trap: Tay-Sachs disease is the excluded/false choice. The table/true-set above shows what remains correct.,valid,pediatrics leks 2026 valid
101,A child weighing 12 kg with the fever of 40 °C can be given once: 1) 3 mL syrup with the concentration of 200 mg/5 mL of ibuprofen; 2) 6 mL syrup with the concentration of 100 mg/5 mL of ibuprofen; 3) 1.8 mL syrup with the concentration of 100 mg/1 mL of paracetamol; 4) 5 mL syrup with the concentration of 120 mg/5 mL of paracetamol; 5) 7.5 mL syrup with the concentration of 120 mg/5 mL of paracetamol; 6) 240 mg of ibuprofen in a suppository,"Answer: B: 1,2,3,4,5 Caveat: Legacy A includes a 240 mg ibuprofen suppository for a 12-kg child (20 mg/kg), which is above the usual single 5-10 mg/kg dose. Items 1-5 fall within common single-dose ranges -> B. Explanation: For a 12-kg child, standard single doses are paracetamol about 10-15 mg/kg and ibuprofen about 5-10 mg/kg. A 240-mg ibuprofen suppository is ~20 mg/kg and too high as a routine single dose.",caveat/updated,pediatrics leks 2026 caveat_updated
102,Moro reflex:,Answer: C: is present from the birth and disappears between 3 and 6 month of life Explanation: Exam anchor: is present from the birth and disappears between 3 and 6 month of life. Retain this as the single best answer for the clinical fact tested in this stem.,valid,pediatrics leks 2026 valid
103,"Short stature may be observed in the following disorders, EXCEPT for:",Answer: B: Marfan syndrome Explanation: Exam trap: Marfan syndrome is the excluded/false choice. The table/true-set above shows what remains correct.,valid,pediatrics leks 2026 valid
104,"Indicate the true statements concerning pneumonia caused by Chlamydia trachomatis: 1) it occurs in neonates in the first weeks of life; 2) it is an example of atypical infection and usually occurs in school children; 3) clinical signs include mainly dry, spasmodic, whooping-like cough; 4) clinical signs include conjunctivitis, rhinitis, cough and vomiting","Answer: A: 1,3 Explanation: Exam anchor: 1,3. Retain this as the single best answer for the clinical fact tested in this stem.",caveat/updated,pediatrics leks 2026 caveat_updated
105,"Which of the following are features of acute diarrhea in children? 1) it is an infectious disease; 2) passing three or more liquid or semi-liquid stools daily; 3) passing stools containing blood, pus or significant amounts of mucus; th rd th 4) symptoms last up to 2 weeks","Answer: INVALID / OUTDATED - do not memorize the legacy key Caveat: The item mixes definition, frequency, stool count and aetiology in a way that depends on age and baseline stool pattern. Multiple statements can be challenged, so no stable modern combination should be memorized. Explanation: WORDING PROBLEM: acute diarrhoea is usually defined as >=3 loose/watery stools in 24 h lasting <14 days. Blood/mucus may occur but is not required, and not every acute diarrhoea episode is necessarily infectious.",invalid/outdated,pediatrics leks 2026 invalid_outdated
106,Indicate the FALSE statement concerning tuberculosis in children:,"Answer: INVALID / OUTDATED - do not memorize the legacy key Caveat: IGRA can be useful in paediatric TB assessment and bronchoscopy is not a routine test for every child with suspected TB. More than one option is false, defeating the single-FALSE stem. Explanation: INVALID: IGRA can be useful in paediatric TB evaluation and bronchoscopy is not a routine standard test for every child. More than one offered statement is false.",invalid/outdated,pediatrics leks 2026 invalid_outdated
107,Indicate the correct sentence about infectious mononucleosis:,"Answer: A: it is caused by a virus of Herpesviridae family, also responsible for diseases running with cell proliferation: malignant granulomatosis and Burkitt lymphoma Explanation: EBV mononucleosis: fever, pharyngitis, posterior cervical lymphadenopathy and atypical lymphocytosis; avoid contact sports when splenomegaly is present.",valid,pediatrics leks 2026 valid
108,Which complication DOES NOT occur in patients after liver transplantation?,Answer: B: graft versus host disease Explanation: Exam trap: graft versus host disease is the excluded/false choice. The table/true-set above shows what remains correct.,valid,pediatrics leks 2026 valid
109,"A child refers to the physician with small petechiae on the thighs, joint pains and proteinuria. The mother reports that 2 weeks earlier her child had bacterial pharyngitis. Which of the following should be suspected?",Answer: A: Henoch-Schönlein purpura Explanation: Exam anchor: Henoch-Schönlein purpura. Retain this as the single best answer for the clinical fact tested in this stem.,valid,pediatrics leks 2026 valid
110,"The mother of a 2-year-old boy is concerned with her child’s diet. He doesn’t want to eat vegetables or meat and demands milk desserts or sweet drinks only. His height and weight are at the level of a 50th centile. The boy doesn’t present any signs of infection but he was treated with oral antibiotics twice in his life, for pharyngitis and bronchitis. There are no alarming symptoms. On the complete blood count: leucocytes-8,400/ mm , hemoglobin-9.1 g/dL, MCV-62 fL, platelets-330 000/mm . Fasting glucose-88 mg%. Indicate the correct decision and its justification:",Answer: E: treatment with oral iron preparations and vitamins because the symptoms and lab tests suggest iron deficiency anemia Explanation: Exam anchor: treatment with oral iron preparations and vitamins because the symptoms and lab tests suggest iron deficiency anemia. Retain this as the single best answer for the clinical fact tested in this stem.,valid,pediatrics leks 2026 valid
111,An increased aminotransferase activity DOES NOT occur in:,Answer: D: iron-deficiency anemia Explanation: Exam trap: iron-deficiency anemia is the excluded/false choice. The table/true-set above shows what remains correct.,valid,pediatrics leks 2026 valid
112,Which of the following is used to diagnose constipation? 1) manometry; 2) Hinton test; 3) hydrogen test; 4) bowel contrast enema; 5) gastrofiberoscopy,"Answer: B: 1,2,4 Caveat: Legacy A includes a hydrogen breath test as a standard constipation test. Functional constipation is primarily clinical; when selected testing is needed, anorectal manometry, transit-marker (Hinton) study and contrast enema are relevant -> B. Explanation: Constipation work-up can include anorectal manometry, colonic-transit testing (Hinton markers) and contrast enema in selected cases; hydrogen breath testing is not a standard constipation test.",caveat/updated,pediatrics leks 2026 caveat_updated
113,"A two-year-old child unvaccinated (parents’ decision) came back home after two-week’s vacation from Ukraine. After a week the child developed high fever, dry cough, nasal discharge and conjunctivitis with eyelid edema. After three days numerous grayish- white papules appeared on the cheek mucosa and after another two days as the fever dropped, a rash appeared on the forehead and then it spread. The child should be diagnosed with:",Answer: B: measles Explanation: Exam anchor: measles. Retain this as the single best answer for the clinical fact tested in this stem.,valid,pediatrics leks 2026 valid
114,Which of the following are secondary disturbances typical of nephrotic syndrome? 1) increased triglyceride and cholesterol serum concentrations; 2) vitamin D deficiency; 3) hyperthyroidism; 4) decreased fibrinogen concentration; 5) decreased immunoglobulin serum concentration,"Answer: B: 1,2,5 Caveat: Legacy A includes hyperthyroidism and omits vitamin-D deficiency. Nephrotic syndrome causes hyperlipidaemia, urinary loss of vitamin-D-binding protein and immunoglobulins, and a prothrombotic state with fibrinogen tending to rise, not fall -> B. Explanation: Nephrotic syndrome causes hyperlipidaemia, urinary loss of vitamin-D-binding protein and immunoglobulins, and a prothrombotic state (often increased, not decreased, fibrinogen).",caveat/updated,pediatrics leks 2026 caveat_updated
115,Systemic Inflammatory Response Syndrome (SIRS) is characterized by the sudden appearance of at least 2 symptoms:,"Answer: D: body temperature >38.5C degrees or <36 C degrees and tachypnea or tachycardia Explanation: This is the older paediatric SIRS framework: >=2 abnormal temperature/HR/RR/WBC criteria, with abnormal temperature or leukocyte count required. Modern sepsis definitions focus on infection-associated organ dysfunction rather than SIRS alone.",caveat/updated,pediatrics leks 2026 caveat_updated
116,"Lumbar puncture in children is absolutely indicated in the following clinical situations, EXCEPT for:",Answer: A: newborn with spinal dysraphism Explanation: Exam trap: newborn with spinal dysraphism is the excluded/false choice. The table/true-set above shows what remains correct.,valid,pediatrics leks 2026 valid
117,A 5-year-old girl was hospitalized a dozen times in various pediatric wards because of unspecific symptoms and yet is undiagnosed. Acute symptoms subsided while the mother was absent at the ward. The results of numerous performed test are inconclusive and contradictory. The mother is alert and asks to repeat blood tests and to perform additional imaging examinations. The described picture may suggest:,Answer: C: Munchausen syndrome by proxy (factitious disorder) Explanation: Exam anchor: Munchausen syndrome by proxy (factitious disorder). Retain this as the single best answer for the clinical fact tested in this stem.,valid,pediatrics leks 2026 valid
118,Which of following diseases DOES NOT lead to height restriction?,Answer: C: adrenal insufficiency Explanation: Exam trap: adrenal insufficiency is the excluded/false choice. The table/true-set above shows what remains correct.,valid,pediatrics leks 2026 valid
119,"A 3-year-old boy was admitted to the hospital because of oliguria and generalized oedema. Laboratory findings show proteinuria 500 mg/mmol creatinine, albuminemia 15 g/L. The treatment of choice is:",Answer: B: glucocorticosteroids Explanation: Exam anchor: glucocorticosteroids. Retain this as the single best answer for the clinical fact tested in this stem.,valid,pediatrics leks 2026 valid
120,Indicate the set of heart rate (HR) and arterial blood pressure (RR) values normal in a one-year-old child:,"Answer: A: HR: 105/min, RR: 85/60 mmHg Explanation: Exam anchor: HR: 105/min, RR: 85/60 mmHg. Retain this as the single best answer for the clinical fact tested in this stem. Q121-Q150",valid,pediatrics leks 2026 valid
121,Indicate the true statement concerning bronchitis in children:,"Answer: B: nebulization with 3% solution of sodium chloride can be used to ease the symptoms of acute bronchitis Explanation: Acute bronchitis is usually viral; routine antibiotics and chest radiography are not indicated. Hypertonic saline is mainly evidence-based in bronchiolitis contexts, so interpret the source wording cautiously.",caveat/updated,pediatrics leks 2026 caveat_updated
122,Indicate the true statement concerning newly diagnosed immune thrombocytopenia:,"Answer: C: it can be diagnosed only if the platelet count in the peripheral blood is < 100 x 10 /µL and disorders are excluded that might suggest other reason for thrombocytopenia (e.g. lymphadenopathy, hepatomegaly, anemia, abnormal WBC) Explanation: Exam anchor: it can be diagnosed only if the platelet count in the peripheral blood is < 100 x 10 /µL and disorders are excluded that might suggest other reason for thrombocytopenia (e.g. lymphadenopathy, hepatomegaly, anemia, abnormal WBC). Retain this as the single best answer for the clinical fact tested in this stem.",valid,pediatrics leks 2026 valid
123,Which of the following concerning Allagille syndrome is FALSE ?,"Answer: E: elevated total bilirubin levels, with a predominance of indirect Explanation: Alagille syndrome is usually JAG1/NOTCH2-related cholestasis with bile-duct paucity, heart disease, butterfly vertebrae and characteristic facies; bilirubin is conjugated.",valid,pediatrics leks 2026 valid
124,Which of the exams is decisive in the differentiation of malignant disease of blood from systemic onset juvenile idiopathic arthritis?,Answer: C: bone marrow biopsy Explanation: Exam anchor: bone marrow biopsy. Retain this as the single best answer for the clinical fact tested in this stem.,valid,pediatrics leks 2026 valid
125,"Productive cough is typical of the following diseases, EXCEPT from:",Answer: D: pertussis Explanation: Exam trap: pertussis is the excluded/false choice. The table/true-set above shows what remains correct.,caveat/updated,pediatrics leks 2026 caveat_updated
126,Which procedure is necessary for the diagnosis of Wilms’ tumour?,Answer: C: abdominal ultrasound and/or computed tomography Explanation: Wilms tumour is commonly managed under SIOP-style protocols with imaging-based diagnosis and preoperative chemotherapy; routine pre-op biopsy is avoided in typical resectable cases because it can alter staging.,caveat/updated,pediatrics leks 2026 caveat_updated
127,A 4-month-old infant was admitted to the hospital and diagnosed with bronchiolitis. Prior to the infection the child was healthy. In the rapid test of the smear from the nasopharynx RSV (respiratory syncytial virus) antigens were detected. Indicate the proper treatment in this case:,"Answer: A: symptomatic treatment Explanation: Bronchiolitis is usually viral (RSV common) in infants; treatment is mainly supportive with oxygen/hydration as needed, not routine antibiotics or bronchodilators.",valid,pediatrics leks 2026 valid
128,The antibiotic of choice in the treatment of streptococcal pharyngitis is:,Answer: C: penicillin Explanation: Exam anchor: penicillin. Retain this as the single best answer for the clinical fact tested in this stem.,valid,pediatrics leks 2026 valid
129,A mother reported to the pediatrician with her 10-year-old son because of hearing impairment. Medical history showed that boy’s uncle suffers from hypoacusis. The urine test showed erythrocyturia and mild proteinuria. Which of the following is the most probable cause of the symptoms?,Answer: A: Alport syndrome Explanation: Exam anchor: Alport syndrome. Retain this as the single best answer for the clinical fact tested in this stem.,valid,pediatrics leks 2026 valid
130,A reaction of the balance system examined in order to assess the psychomotor development of a neonate is called:,Answer: B: Landau reflex Explanation: The Landau/parachute-type postural reflexes emerge during infancy; persistent primitive reflexes or absent expected protective reactions suggest neurologic dysfunction.,caveat/updated,pediatrics leks 2026 caveat_updated
131,"A 11-year-old boy called on the doctor with the results of the urinary test performed in the afternoon, which showed proteinuria of 300 mg/dL. Which of the following is the most probable cause?",Answer: D: orthostatic proteinuria Explanation: Exam anchor: orthostatic proteinuria. Retain this as the single best answer for the clinical fact tested in this stem.,valid,pediatrics leks 2026 valid
132,Within what time in the period of infectivity will an immunocompetent child display chickenpox signs after contacting an infectious patient (with chickenpox)?,Answer: D: 15 days Explanation: Varicella produces crops of pruritic vesicles in different stages; crusted lesions are no longer infectious.,caveat/updated,pediatrics leks 2026 caveat_updated
133,"In the case of the mother being a carrier of the mutated gene, the risk that her son will be ill with haemophilia A is:",Answer: C: 50% Explanation: Exam anchor: 50%. Retain this as the single best answer for the clinical fact tested in this stem.,valid,pediatrics leks 2026 valid
134,Celiac disease can coexist with many other autoimmune diseases including: 1) autoimmune hepatitis; 2) Hashimoto's disease; 3) Duhring's disease; 4) Sjögren's disease; 5) Crohn's disease; 6) type II diabetes,"Answer: C: 1,2,3,4 Caveat: Legacy A says all six associations are true, including type 2 diabetes and Crohn disease as if they were the standard autoimmune cluster. The classic associated immune diseases in the list are autoimmune hepatitis, Hashimoto thyroiditis, dermatitis herpetiformis and Sjogren syndrome -> C. Explanation: Coeliac disease can cause malabsorption, poor growth, iron deficiency and extraintestinal symptoms; screen with tTG-IgA plus total IgA while the child is eating gluten.",caveat/updated,pediatrics leks 2026 caveat_updated
135,"Idiopathic musculoskeletal disorder affecting children, often referred to as body growth pain, is the reason for visiting a pediatrician. Which symptoms allow to make such a diagnosis?","Answer: D: normal walk, pains never occur in the morning, normal laboratory test results Explanation: Exam anchor: normal walk, pains never occur in the morning, normal laboratory test results. Retain this as the single best answer for the clinical fact tested in this stem.",valid,pediatrics leks 2026 valid
136,The factors behind the development of urinary tract infection in children include: 1) urinary retention; 2) anatomical defects of the urinary system; 3) diabetes; 4) urinary catheterization; 5) constipation,Answer: A: all the above Explanation: Exam anchor: all the above. Retain this as the single best answer for the clinical fact tested in this stem.,valid,pediatrics leks 2026 valid
137,The symptoms of primary adrenal insufficiency include: 1) increased arterial pressure; 2) lowered arterial pressure; 3) light skin; 4) dark skin; 5) delayed puberty; 6) precocious puberty,"Answer: C: 2,4,5 Caveat: Legacy A pairs hypotension with light skin. Primary adrenal insufficiency causes hypotension + hyperpigmentation and can delay growth/puberty -> 2,4,5 = C. Explanation: Primary adrenal insufficiency causes hypotension, hyperpigmentation, weight loss and often delayed growth/puberty; crisis can cause shock and hypoglycaemia.",caveat/updated,pediatrics leks 2026 caveat_updated
138,Indicate the FALSE statement concerning vaccines:,"Answer: INVALID / OUTDATED - do not memorize the legacy key Caveat: At least two statements are false: PPSV23 is not the routine vaccine for children under 2, and whole-cell DTP is not a “conjugate” vaccine. The stem therefore has no unique false answer. Explanation: INVALID: PPV23 is not used to immunize neonates/children <2 years, and whole-cell DTP is not a “conjugate vaccine.” Thus more than one option is false. PCV is the conjugate pneumococcal vaccine for young children.",invalid/outdated,pediatrics leks 2026 invalid_outdated
139,Indicate the FALSE statement concerning impetigo:,Answer: E: Lisch nodules are found in more than 90% of patients with impetigo Explanation: Impetigo causes superficial vesicles/pustules with honey-coloured crust; S. aureus and GAS are typical pathogens.,valid,pediatrics leks 2026 valid
140,Jaundice connected with breast-feeding is probably the result of:,Answer: C: delayed first feeding and not enough feeding Explanation: Exam anchor: delayed first feeding and not enough feeding. Retain this as the single best answer for the clinical fact tested in this stem.,valid,pediatrics leks 2026 valid
141,"In the case of a girl of a short stature, with primary amenorrhea, coarctation of the aorta and a dysmorphic face the most likely clinical diagnosis is:",Answer: D: Turner syndrome Explanation: Exam anchor: Turner syndrome. Retain this as the single best answer for the clinical fact tested in this stem.,caveat/updated,pediatrics leks 2026 caveat_updated
142,WHICH OF THE FOLLOWING IS NOT a cause of cardiogenic syncope in children?,Answer: D: abnormal self-regulation of heart rate and blood pressure during long time standing Explanation: Exam trap: abnormal self-regulation of heart rate and blood pressure during long time standing is the excluded/false choice. The table/true-set above shows what remains correct.,caveat/updated,pediatrics leks 2026 caveat_updated
143,"A foreign body in the bronchus may cause any of the following, EXCEPT for:",Answer: D: pain that increases with neck movements Explanation: Exam trap: pain that increases with neck movements is the excluded/false choice. The table/true-set above shows what remains correct.,valid,pediatrics leks 2026 valid
144,The most common complication of streptococcal pharyngitis in children is:,"Answer: D: peritonsillar abscess Explanation: Source answer retained with wording caveat: suppurative complications of GAS tonsillitis include peritonsillar/retropharyngeal abscess, cervical adenitis, otitis and sinusitis; “most common” depends on the source and population.",caveat/updated,pediatrics leks 2026 caveat_updated
145,The tests used for the examination of strabismus in children include: 1) alternating eye covering and uncovering test; 2) corneal reflex test; 3) Hirschberg test; 4) cover test; 5) Adams test,"Answer: B: 1,2,3,4 Caveat: Legacy A includes the Adams forward-bend test, which assesses scoliosis, not strabismus. Cover/uncover, corneal light reflex/Hirschberg and cover testing are appropriate -> B. Explanation: Exam anchor: 1,2,3,4. Retain this as the single best answer for the clinical fact tested in this stem.",caveat/updated,pediatrics leks 2026 caveat_updated
146,In which of the following diseases may post-exposure prophylaxis be used? 1) mumps; 2) measles; 3) pertussis; 4) varicella; 5) Neisseria meningitidis infection,"Answer: D: 2,3,4,5 Caveat: The source key A includes mumps and omits pertussis/varicella/meningococcal disease. Effective post-exposure measures exist for measles, pertussis, varicella and meningococcal exposure; routine mumps PEP is not effective -> D. Explanation: Post-exposure measures exist for measles, hepatitis A, varicella and meningococcal exposure in appropriate circumstances; there is no reliable post-exposure prophylaxis that prevents mumps after exposure.",caveat/updated,pediatrics leks 2026 caveat_updated
147,Which of the following genetic disorders IS NOT related to the increased risk of malignancy in children?,Answer: E: familial Mediterranean fever Explanation: Exam trap: familial Mediterranean fever is the excluded/false choice. The table/true-set above shows what remains correct.,valid,pediatrics leks 2026 valid
148,The presence of multiple adenomatous polyps on endoscopic examination of the digestive tract and co-existing soft tissue fibromas on the arms and the shanks give rise to a suspicion of:,Answer: A: Gardner syndrome Explanation: Exam anchor: Gardner syndrome. Retain this as the single best answer for the clinical fact tested in this stem.,valid,pediatrics leks 2026 valid
149,Can a child be diagnosed with diabetes using oral glucose tolerance test?,"Answer: D: yes, the dose of glucose is calculated as 1.75 g/kg b.w., no more than 75 g Explanation: Exam anchor: yes, the dose of glucose is calculated as 1.75 g/kg b.w., no more than 75 g. Retain this as the single best answer for the clinical fact tested in this stem.",valid,pediatrics leks 2026 valid
150,Urinary system infection in children IS NOT testified by:,Answer: A: dilation of the renal pelvis and calyces observed in ultrasound imaging Explanation: Exam trap: dilation of the renal pelvis and calyces observed in ultrasound imaging is the excluded/false choice. The table/true-set above shows what remains correct. Q151-Q180,valid,pediatrics leks 2026 valid
151,"A 7-year-old boy with a food allergy, with an history of anaphylactic shock after drinking of cow's milk, reports to the family doctor complaining of general weakness and eyelid swelling. The symptoms have persisted for over 2 days. Numerous fresh traces of insect bites are visible on the skin. Swelling of the face and lower legs. The heart rate and blood pressure are normal. The result of a rapid test determining the concentration of CRP in capillary blood-normal. Urine test strip: leukocytes (+), protein (+++). The child is referred to the hospital. What diagnosis do you consider the most…","Answer: E: suspected nephrotic syndrome Explanation: Food allergy diagnosis starts with a compatible history; targeted IgE testing supports sensitization, while supervised oral food challenge is the reference standard when needed.",valid,pediatrics leks 2026 valid
152,The target HbA1c value in preschool children with type 1 diabetes mellitus is:,"Answer: B: <7.0% Caveat: Legacy A reflects older/overly stringent preschool targets. ADA 2026 states A1C <7% is appropriate for most children/adolescents; <6.5% is a selected-individual target, not the default -> B. Explanation: 2026 diabetes target: A1C goals are individualized; <7% is appropriate for most children/adolescents with diabetes. <6.5% may be appropriate for selected patients if safely achievable.",caveat/updated,pediatrics leks 2026 caveat_updated
153,The prevention of food allergy DOES NOT include:,"Answer: INVALID / OUTDATED - do not memorize the legacy key Caveat: The stem reflects older food-allergy prevention advice. Current prevention includes timely introduction of allergenic foods rather than maternal avoidance/delayed introduction, and several offered statements are outdated, so there is no single durable “does not include” choice. Explanation: OUTDATED FOOD-ALLERGY PREVENTION ITEM: routine maternal allergen avoidance, delaying allergenic solids, prophylactic hydrolysed formula and goat milk are not universal prevention strategies. Current prevention emphasizes normal varied feeding and timely introduction of allergens such as peanut/egg in age-appropriate forms for many infants.",invalid/outdated,pediatrics leks 2026 invalid_outdated
154,"The sudden onset of a disease in a child with a high fever, headaches, vomiting, fine spotted rash on the skin, and “raspberry tongue” is the clinical description of:",Answer: C: scarlet fever Explanation: Exam anchor: scarlet fever. Retain this as the single best answer for the clinical fact tested in this stem.,valid,pediatrics leks 2026 valid
155,The definition of 1 carbohydrate exchange (CE) includes an amount of the product comprising:,Answer: B: 10 g of carbohydrates Explanation: Exam anchor: 10 g of carbohydrates. Retain this as the single best answer for the clinical fact tested in this stem.,valid,pediatrics leks 2026 valid
156,The serum glycemia level of 156 mg/dl in the 120 minute of the OGTT in a child is interpreted as:,Answer: C: abnormal glucose tolerance Explanation: Exam anchor: abnormal glucose tolerance. Retain this as the single best answer for the clinical fact tested in this stem.,caveat/updated,pediatrics leks 2026 caveat_updated
157,Which of the following is recommended in the treatment of urinary tract infection in a neonate?,Answer: E: ampicillin with gentamicin. th Explanation: Exam anchor: ampicillin with gentamicin. th. Retain this as the single best answer for the clinical fact tested in this stem.,valid,pediatrics leks 2026 valid
158,Uveitis is one of the symptoms of juvenile idiopathic arthritis that may lead to eyesight damage. In which type of juvenile idiopathic arthritis does uveitis occur most frequently?,Answer: D: oligoarticular Explanation: Exam anchor: oligoarticular. Retain this as the single best answer for the clinical fact tested in this stem.,valid,pediatrics leks 2026 valid
159,Constricted pupils may be observed in:,Answer: B: opioid intoxication Explanation: Exam anchor: opioid intoxication. Retain this as the single best answer for the clinical fact tested in this stem.,valid,pediatrics leks 2026 valid
160,In the case of which infectious disease it IS NOT possible to apply prevention by vaccination?,Answer: D: infectious mononucleosis Explanation: Exam trap: infectious mononucleosis is the excluded/false choice. The table/true-set above shows what remains correct.,caveat/updated,pediatrics leks 2026 caveat_updated
161,Cerebral palsy is a non-progressing disorder of motoric and postural functions caused by the defect of:,"Answer: A: CNS during its development (during pregnancy, labor or in perinatal period) Explanation: Exam anchor: CNS during its development (during pregnancy, labor or in perinatal period). Retain this as the single best answer for the clinical fact tested in this stem.",valid,pediatrics leks 2026 valid
162,"A woman came to the GP with her one-year-old son because of a trivial viral infection of the upper respiratory tract. The doctor noticed paleness of the child. The boy had been fed non-modified cow milk since 6 months of age. He is unwilling to eat anything else than porridge with cow milk. The complete blood count shows: RBC 4 x 10 /µL, Hgb 9.0 g/dL, MCV 60 fL, RDW 18%, PLT 480 x 10 /µL, WBC 9 x 10 /µL. The child had NEVER taken any medications. Indicate the correct management:",Answer: E: iron-deficiency anemia should be diagnosed and an oral iron preparation should be prescribed as well as diet modification should be advised Explanation: Exam anchor: iron-deficiency anemia should be diagnosed and an oral iron preparation should be prescribed as well as diet modification should be advised. Retain this as the single best answer for the clinical fact tested in this stem.,valid,pediatrics leks 2026 valid
163,"A 4-month-old girl was admitted to the hospital because of low weight gain, after the second episode of rectal prolapse. In the past she presented prolonged jaundice till 5 week of age. Currently, sporadic cough. On physical examination, apart from dystrophy, without significant abnormalities. Until now she has been neither diagnosed, nor hospitalized. In lab. evaluation the concentrations of serum ions were as follows: Na-128 mmol/l, Cl-88 mmol/l. What is the most probable diagnosis?",Answer: C: cystic fibrosis Explanation: Exam anchor: cystic fibrosis. Retain this as the single best answer for the clinical fact tested in this stem.,valid,pediatrics leks 2026 valid
164,Which of the following concerning urinary tract infection (UTI) in children is FALSE ?,Answer: B: risk of developing the disease is greater in female newborns Explanation: Exam trap: risk of developing the disease is greater in female newborns is the excluded/false choice. The table/true-set above shows what remains correct.,valid,pediatrics leks 2026 valid
165,Which of the following is the most probable diagnosis in a 12-year-old patient with decreased concentrations of complement component 3 (C3) and normal concentrations of complement component 4 (C4)?,Answer: B: postinfectious glomerulonephritis Explanation: Exam anchor: postinfectious glomerulonephritis. Retain this as the single best answer for the clinical fact tested in this stem.,valid,pediatrics leks 2026 valid
166,Which of the following diagnoses should be considered the most probable in a boy over 2 years of age with increased levels of transaminases and phosphocreatine kinase if the mother reports that her son is clumsy?,Answer: E: muscular dystrophy Explanation: Exam anchor: muscular dystrophy. Retain this as the single best answer for the clinical fact tested in this stem.,valid,pediatrics leks 2026 valid
167,"A 15-month-old child who was vaccinated according to the current immunization schedule should be immune to tuberculosis, diphtheria, tetanus, pertussis and:","Answer: C: hepatitis B, Haemophilus influenzae type B, pneumococci, rotaviruses, poliomyelitis, measles, mumps, rubella Explanation: Polish vaccine schedules change over time; use the current PSO rather than memorizing an old year-specific sequence. The answer here has been checked against the current schedule logic.",caveat/updated,pediatrics leks 2026 caveat_updated
168,"A 10-year-old girl was admitted to the ER because of generalized urticaria and difficulty in breathing. The symptoms occurred after she was stung by a bee. At the admission it was stated: disseminated urticaria on the skin, symptoms of wheezing on auscultation, breath rate 56/min, heart rate 110/min, RR 75/50 mmHg. Which of the following variants of therapeutic treatment is correct?","Answer: A: intramuscular administration of epinephrine, intravenous access and administration of fluids Explanation: Exam anchor: intramuscular administration of epinephrine, intravenous access and administration of fluids. Retain this as the single best answer for the clinical fact tested in this stem.",valid,pediatrics leks 2026 valid
169,"The Streptococcus pyogenes infection may cause various complications in children, mainly related to autoimmune reactions. These complications include: 1) haemolytic-uraemic syndrome (HUS); 2) rheumatic fever; 3) obsessive-compulsive disorder syndrome (PANDAS); 4) acute glomerulonephritis; 5) periodic fever, aphthous stomatitis, pharyngitis and adenitis syndrome (PFAPA)","Answer: D: 2,4 Caveat: Legacy A includes HUS and PFAPA as autoimmune complications of GAS and treats PANDAS as settled. The established post-streptococcal immune complications in this list are acute rheumatic fever and post-streptococcal glomerulonephritis -> D. Explanation: Exam anchor: 2,4. Retain this as the single best answer for the clinical fact tested in this stem.",caveat/updated,pediatrics leks 2026 caveat_updated
170,Indicate true statements concerning urinary tract infections in children: 1) Gram negative bacteria are the most common etiological factor; 2) clinical signs in neonates ARE NOT specific; 3) primary diagnostic procedure is voiding cystourethrography; 4) voiding disturbances are predisposing factors; 5) length of treatment depends on the severity of child condition,"Answer: B: 1,2,4,5 Caveat: Legacy A calls VCUG the primary diagnostic procedure for UTI. UTI diagnosis starts with appropriately collected urine urinalysis/culture; VCUG is selective imaging. Statements 1,2,4,5 are true -> B. Explanation: Exam anchor: 1,2,4,5. Retain this as the single best answer for the clinical fact tested in this stem.",caveat/updated,pediatrics leks 2026 caveat_updated
171,"A 16-year-old patient complaining of persistent pruritus for 3 months uses immunosuppressive treatment in the form of ointments and creams, prescribed by a dermatologist, with no result. In the patient's relation her neck has recently ‘swelled’, and she reports also weakness and reduced exercise tolerance. On the examination, tachypnea, a bundle of enlarged lymph nodes (the largest with a diameter of 3 cm) in the region of the sternocleidomastoid muscle and the supraclavicular area on the same side were noted. An increased vascularization of the chest skin is visible. The patient should be…","Answer: B: center dealing with cancer treatment in children, because of the suspicion of superior vena cava syndrome secondary to lymphoma Explanation: Exam anchor: center dealing with cancer treatment in children, because of the suspicion of superior vena cava syndrome secondary to lymphoma. Retain this as the single best answer for the clinical fact tested in this stem.",valid,pediatrics leks 2026 valid
172,In a 15-year-old girl with asymptomatic bacteriuria you should:,Answer: D: not administer any pharmacotherapy Explanation: Exam anchor: not administer any pharmacotherapy. Retain this as the single best answer for the clinical fact tested in this stem.,valid,pediatrics leks 2026 valid
173,The foramen ovale is located:,Answer: B: in intraatrial septum Explanation: Exam anchor: in intraatrial septum. Retain this as the single best answer for the clinical fact tested in this stem.,valid,pediatrics leks 2026 valid
174,The most common cause of signs and symptoms of Cushing’s syndrome is:,Answer: C: chronic administration of glucocorticoids Explanation: Exam anchor: chronic administration of glucocorticoids. Retain this as the single best answer for the clinical fact tested in this stem.,valid,pediatrics leks 2026 valid
175,The diagnosis of urinary tract infection in newborns can be established on the basis of:,"Answer: A: any number of Gram-negative bacteria in urine taken by suprapubic puncture Explanation: For urine culture in a non-toilet-trained infant, suprapubic aspiration has the lowest contamination; catheter collection is also acceptable. Bag cultures are not diagnostic.",caveat/updated,pediatrics leks 2026 caveat_updated
176,The main features of WAGR syndrome are:,"Answer: C: aniridia, Wilms tumor, genitourinary malformations, mental retardation Explanation: Exam anchor: aniridia, Wilms tumor, genitourinary malformations, mental retardation. Retain this as the single best answer for the clinical fact tested in this stem.",valid,pediatrics leks 2026 valid
177,"A 15-year-old boy called at the doctor’s office because of discomfort, runny nose and 2 3 5 cough. The measured temperature was 37.5°C. On physical examination reddish and swollen throat and rhinitis. The physician assigned the patient 1 point according to Centor/McIsaac criteria. Consequently, he should treat the boy with:",Answer: C: symptomatic treatment only Explanation: Exam anchor: symptomatic treatment only. Retain this as the single best answer for the clinical fact tested in this stem.,valid,pediatrics leks 2026 valid
178,The indication for an urgent hospitalization of a child with bronchial asthma is:,"Answer: D: difficulties in eating, drinking and speaking Explanation: Asthma is variable expiratory airflow limitation with wheeze/cough/dyspnoea; inhaled corticosteroid-containing therapy reduces exacerbation risk.",caveat/updated,pediatrics leks 2026 caveat_updated
179,An infant received the second dose of DTP vaccine 20 days after the first one. What is the proper management in this case?,Answer: B: second dose should be considered not realized and it should be repeated after 4 weeks; next doses should be given according to the schedule Explanation: Exam anchor: second dose should be considered not realized and it should be repeated after 4 weeks; next doses should be given according to the schedule. Retain this as the single best answer for the clinical fact tested in this stem.,valid,pediatrics leks 2026 valid
180,Indicate the true statement concerning Ewing’s sarcoma:,Answer: B: primary lesion causes laminated periosteal reaction Explanation: Exam anchor: primary lesion causes laminated periosteal reaction. Retain this as the single best answer for the clinical fact tested in this stem. Q181-Q210,valid,pediatrics leks 2026 valid
181,Indicate the FALSE statement of hives:,Answer: A: hives is not accompanied by anaphylactic shock Explanation: Exam trap: hives is not accompanied by anaphylactic shock is the excluded/false choice. The table/true-set above shows what remains correct.,caveat/updated,pediatrics leks 2026 caveat_updated
182,A thirteen-year-old boy has been complaining for several weeks of abdominal pain and black stools. What test should be performed first?,Answer: D: endoscopy with biopsy Explanation: Exam anchor: endoscopy with biopsy. Retain this as the single best answer for the clinical fact tested in this stem.,valid,pediatrics leks 2026 valid
183,In a 10-day-old neonate marked bilateral edemas of the limbs and periorbital edemas occurred. The most probable cause is:,Answer: A: nephrotic syndrome of the Finnish type Explanation: Exam anchor: nephrotic syndrome of the Finnish type. Retain this as the single best answer for the clinical fact tested in this stem.,valid,pediatrics leks 2026 valid
184,Which of the following is recommended in a 2-year old child diagnosed with acute pyelonephritis?,Answer: D: start antibiotic therapy as soon as possible Explanation: Exam anchor: start antibiotic therapy as soon as possible. Retain this as the single best answer for the clinical fact tested in this stem.,caveat/updated,pediatrics leks 2026 caveat_updated
185,Indicate the FALSE statement concerning broncholitis:,"Answer: D: its treatment usually involves a broad-spectrum antibiotic, bronchodilators, high doses of glucocorticosteroids Explanation: Exam trap: its treatment usually involves a broad-spectrum antibiotic, bronchodilators, high doses of glucocorticosteroids is the excluded/false choice. The table/true-set above shows what remains correct.",valid,pediatrics leks 2026 valid
186,"Indicate the true statements concerning hand, foot and mouth disease (HFMD): 1) disease is caused by enteroviruses; 2) disease is caused by a parvovirus; 3) infection is observed only in infants; 4) animals may be a source of infection; 5) symptomatic treatment is used","Answer: C: 1,5 Caveat: Legacy A says HFMD occurs only in infants. HFMD is an enteroviral illness across young childhood, with human-to-human transmission and symptomatic treatment -> 1 and 5 = C. Explanation: Exam anchor: 1,5. Retain this as the single best answer for the clinical fact tested in this stem.",caveat/updated,pediatrics leks 2026 caveat_updated
187,In the case of autosomal recessive disease the risk of the disease in the offspring of the parents who are both ill is:,Answer: E: 100% Explanation: Exam anchor: 100%. Retain this as the single best answer for the clinical fact tested in this stem.,valid,pediatrics leks 2026 valid
188,The most common cause of Cushing’s syndrome in children is:,Answer: A: treatment with glucocorticosteroids Explanation: Exam anchor: treatment with glucocorticosteroids. Retain this as the single best answer for the clinical fact tested in this stem.,valid,pediatrics leks 2026 valid
189,Which of the following infectious diseases is characterized by the incubation period between 11 to 21 days?,Answer: C: varicella Explanation: Exam anchor: varicella. Retain this as the single best answer for the clinical fact tested in this stem.,valid,pediatrics leks 2026 valid
190,"Frothy bubbles of mucous in the oral and nasal cavity of a newborn, despite regular clearing, accompanied with a loud heart murmur and limbs defect is characteristic of:",Answer: D: oesophageal atresia Explanation: Exam anchor: oesophageal atresia. Retain this as the single best answer for the clinical fact tested in this stem.,valid,pediatrics leks 2026 valid
191,Indicate the true statement concerning tuberculosis in children:,Answer: A: highest susceptibility to M. tuberculosis infection is observed in children under 3 years of age Explanation: Exam anchor: highest susceptibility to M. tuberculosis infection is observed in children under 3 years of age. Retain this as the single best answer for the clinical fact tested in this stem.,valid,pediatrics leks 2026 valid
192,Symptoms of peripheral motor neuron damage include: 1) flaccid paresis; 2) spastic paresis; 3) hyperreflexia; 4) hyporeflexia; 5) decreased muscle tone; 6) increased muscle tone 7) fasciculations,"Answer: A: 1,4,5,7 Explanation: Exam anchor: 1,4,5,7. Retain this as the single best answer for the clinical fact tested in this stem.",valid,pediatrics leks 2026 valid
193,The characteristic features of cystic fibrosis DO NOT include:,Answer: B: chronic infection with Mycoplasma pneumoniae and/or Chlamydia trachomatis Explanation: Exam trap: chronic infection with Mycoplasma pneumoniae and/or Chlamydia trachomatis is the excluded/false choice. The table/true-set above shows what remains correct.,valid,pediatrics leks 2026 valid
194,"Indicate true statements concerning the anterior fontanel: 1) immediately after childbirth the skull bones overlap and the fontanel may seem smaller; 2) anterior fontanel correctly closes 6-8 weeks after childbirth; 3) tense fontanel raises suspicion of dehydration; 4) premature ossification (closing) of the anterior fontanel may lead to microcephaly; 5) delayed ossification (closing) of the anterior fontanel is observed, for example in rickets; 6) anterior fontanel correctly closes between 9 and 18 month of life","Answer: B: 1,4,5,6 Caveat: Legacy A says the anterior fontanel normally closes at 6-8 weeks. That timing applies to the posterior fontanel. The anterior fontanel usually closes in the second year; early closure may accompany craniosynostosis/microcephaly and delayed closure occurs in rickets -> B. Explanation: Exam anchor: 1,4,5,6. Retain this as the single best answer for the clinical fact tested in this stem.",caveat/updated,pediatrics leks 2026 caveat_updated
195,Erythrocyturia in children is characteristic of: 1) nephritic syndrome; 2) acute pyelonephritis; 3) acute glomerulonephritis; 4) proximal tubular acidosis; 5) kidney stones,"Answer: A: 1,3,5 Explanation: Exam anchor: 1,3,5. Retain this as the single best answer for the clinical fact tested in this stem.",valid,pediatrics leks 2026 valid
196,"A 3-year-old boy fits to 39 °C, is apathetic. During the examination, the doctor found on the skin of the right thigh three skin lesions. What characteristics of the skin lesions can point to meningococcal sepsis?","Answer: A: they appeared suddenly, do not disappear under pressure, have a dark red color Explanation: Paediatric sepsis is infection with life-threatening organ dysfunction; treatment prioritizes early antibiotics, cautious reassessed fluids and vasoactive support when needed.",valid,pediatrics leks 2026 valid
197,Which joints are most frequently involved in the oligoarthritis onset of juvenile idiopathic arthritis?,Answer: C: knees Explanation: Exam anchor: knees. Retain this as the single best answer for the clinical fact tested in this stem.,valid,pediatrics leks 2026 valid
198,In the laboratory studies in children with type 1 diabetes in the course of ketoacidosis the following can be observed:,"Answer: A: hyperglycaemia, ketonemia, ketonuria and metabolic acidosis Explanation: DKA = hyperglycaemia + ketosis + metabolic acidosis; treat with fluids, insulin and electrolyte monitoring while watching closely for cerebral injury.",valid,pediatrics leks 2026 valid
199,Influenza vaccines can be used in children at the age of:,Answer: A: > 6 months Explanation: Exam anchor: > 6 months. Retain this as the single best answer for the clinical fact tested in this stem.,valid,pediatrics leks 2026 valid
200,"Which of the following are the attenuated vaccines given obligatorily to all children? 1) BCG vaccine against tuberculosis; 2) IPV polio vaccine; 3) influenza vaccine; 4) diphtheria, pertussis and tetanus vaccine; 5) measles, mumps and rubella vaccine; 6) varicella vaccine. The correct answer is","Answer: B: 1,5 Explanation: Exam anchor: 1,5. Retain this as the single best answer for the clinical fact tested in this stem.",valid,pediatrics leks 2026 valid
201,"Physical examination of a 4-month-old infant revealed signs of dyspnea, tachypnea 75/ min and diffused rales on lung auscultation. The child was born at 28 hbd, with the birth weight of 820 g. Oxygen therapy was necessary for the first two months of life. Body temperature was 36.8 °C, CRP 1 mg/L. A chest X-ray showed diffused small infiltrations within the lungs. The most probable diagnosis is:",Answer: E: bronchopulmonary dysplasia Explanation: Exam anchor: bronchopulmonary dysplasia. Retain this as the single best answer for the clinical fact tested in this stem.,valid,pediatrics leks 2026 valid
202,A urine bacterial culture in a neonate should be performed using the urine collected: 1) to sterile container by the „mid-stream” method; 2) through the catheter placed in the urinary bladder; 3) with suprapubic aspiration; 4) with a sterile pouch attached to the skin of the perineum,"Answer: B: 1,2,3 Caveat: Legacy A includes bag-collected urine as suitable for neonatal culture. Bag urine has unacceptable contamination for culture confirmation; catheterization, suprapubic aspiration and a properly obtained clean/midstream specimen when feasible are the defensible methods -> B after repairing the merged options. Explanation: In a suspected UTI, a positive bag specimen must be confirmed with a properly collected sample. The clinically useful statements are those supporting pyuria/bacteriuria assessment and reliable culture collection.",caveat/updated,pediatrics leks 2026 caveat_updated
203,Which set of symptoms is characteristic of acute glomerulonephritis in children?,"Answer: A: haematuria, oedema, hypertension Explanation: Nephritic syndromes cause haematuria, hypertension, oedema and reduced GFR; post-streptococcal GN typically follows infection after a latent interval.",valid,pediatrics leks 2026 valid
204,Acute bronchitis in children is most commonly caused by:,"Answer: E: viruses (Parainfluenzae, Adenovirus, Rhinovirus, RS-virus) Explanation: Exam anchor: viruses (Parainfluenzae, Adenovirus, Rhinovirus, RS-virus). Retain this as the single best answer for the clinical fact tested in this stem.",caveat/updated,pediatrics leks 2026 caveat_updated
205,Indicate the FALSE statement concerning chemoprophylaxis after the contact with a patient infected with Neisseria meningitidis:,Answer: C: it consists in acyclovir given orally at a dose of 4 x 200 mg Explanation: Exam trap: it consists in acyclovir given orally at a dose of 4 x 200 mg is the excluded/false choice. The table/true-set above shows what remains correct.,valid,pediatrics leks 2026 valid
206,WHICH OF THE FOLLOWING IS NOT recommended for the feeding in the treatment of cow’s milk protein allergy? 1) soy protein-based formula; 2) breast-feeding by a mother on the elimination diet; 3) amino acid-based formula; 4) extensively hydrolyzed formula; 5) partially hydrolyzed formula,"Answer: A: 1,5 Explanation: Exam trap: 1,5 is the excluded/false choice. The table/true-set above shows what remains correct.",valid,pediatrics leks 2026 valid
207,Which of the following is more common among teenagers than pre-school children?,Answer: A: malignant bone tumors Explanation: Exam anchor: malignant bone tumors. Retain this as the single best answer for the clinical fact tested in this stem.,valid,pediatrics leks 2026 valid
208,Lumbar puncture is CONTRAINDICATED when the following conditions are present: 1) bradycardia; 2) impaired coagulation; 3) cardio-respiratory insufficiency; 4) tachypnea; 5) high fever; 6) opisthotonus,"Answer: A: 1,2,3 Explanation: Exam anchor: 1,2,3. Retain this as the single best answer for the clinical fact tested in this stem.",caveat/updated,pediatrics leks 2026 caveat_updated
209,General symptoms of Hodgkin’s lymphoma in children include: 1) fever > 38˚C; 2) lower limb pain; 3) night sweats; 4) weight loss > 10% in the last six months; 5) muscle pain,"Answer: C: 1,3,4 Caveat: Legacy A substitutes limb/muscle pain for the classic B symptoms. Hodgkin B symptoms are fever >38 C, drenching night sweats and >10% weight loss in 6 months -> 1,3,4 = C. Explanation: Hodgkin lymphoma staging uses Ann Arbor/Cotswolds concepts; B symptoms are fever, drenching night sweats and >10% weight loss in 6 months.",caveat/updated,pediatrics leks 2026 caveat_updated
210,"A mother comes with her obese 5-year-old son to the doctor office. As an infant he had difficulty in eating, was consulted due to reduced muscle tone. During his stay in the office the child presents skin-picking behaviour. The most probable diagnosis is:",Answer: A: Prader-Willi syndrome Explanation: Exam anchor: Prader-Willi syndrome. Retain this as the single best answer for the clinical fact tested in this stem. Q211-Q240,valid,pediatrics leks 2026 valid
211,Which of the following CANNOT be related to hyperthyroidism?,Answer: D: increased cholesterol concentration Explanation: Exam trap: increased cholesterol concentration is the excluded/false choice. The table/true-set above shows what remains correct.,valid,pediatrics leks 2026 valid
212,"Typical hemolytic-uremic syndrome in children, classified as thrombotic microangiopathy, is characterized by the following triad of symptoms:","Answer: D: hemolytic anemia, thrombocytopenia, acute kidney injury Explanation: Exam anchor: hemolytic anemia, thrombocytopenia, acute kidney injury. Retain this as the single best answer for the clinical fact tested in this stem.",valid,pediatrics leks 2026 valid
213,"A maculopapular skin rash, cradle cap not responding to the treatment, swelling of the gums and abnormal teething, soft on palpation bulges of the skull, and X-ray revealing osteolytic lesions in bones of the cranial vault in a 1-year-old child are characteristic of:",Answer: E: Langerhans cell histiocytosis Explanation: Exam anchor: Langerhans cell histiocytosis. Retain this as the single best answer for the clinical fact tested in this stem.,valid,pediatrics leks 2026 valid
214,Which neoplastic tumors may develop in the abdominal cavity of a child? 1) Wilms’ tumor; 2) neuroblastoma; 3) non-Hodgkin lymphoma; 4) medulloblastoma; 5) dysgerminoma,"Answer: D: 1,2,3,5 Caveat: Legacy A lists only Wilms and neuroblastoma. Abdominal paediatric malignancies can also include non-Hodgkin lymphoma and ovarian germ-cell tumour/dysgerminoma; medulloblastoma is intracranial -> D. Explanation: Exam anchor: 1,2,3,5. Retain this as the single best answer for the clinical fact tested in this stem.",caveat/updated,pediatrics leks 2026 caveat_updated
215,"A 12-year-old boy presents in GP's office after cleaning and dressing a wound on his leg. The patient seeks the recommendation concerning tetanus prophylaxis. The boy received the full basic vaccination against tetanus, and the last booster dosis was given 6 years ago. In the opinion of the GP a risk of tetanus in this case is low. Choose the proper recommendation:",Answer: A: there is no need to give a booster dose of diphtheria-tetanus vaccine Explanation: Exam anchor: there is no need to give a booster dose of diphtheria-tetanus vaccine. Retain this as the single best answer for the clinical fact tested in this stem.,caveat/updated,pediatrics leks 2026 caveat_updated
216,The features of hemolytic-uremic syndrome include: 1) hemolytic anemia; 2) thrombocytosis; 3) thrombocytopenia; 4) acute kidney injury with oliguria; 5) splenomegalia,"Answer: A: 1,3,4 Explanation: Exam anchor: 1,3,4. Retain this as the single best answer for the clinical fact tested in this stem.",valid,pediatrics leks 2026 valid
217,A child at preschool age is presented in GP’s office. According to the parents the child has been suffering from fever over 7 days and 2 days ago they observed a bilateral facial rash and maculopapular lacy rash on the trunk. The general condition of the child is good. Which diagnosis is the most probable?,Answer: D: erythema infectiosum Explanation: Exam anchor: erythema infectiosum. Retain this as the single best answer for the clinical fact tested in this stem.,valid,pediatrics leks 2026 valid
218,Parents removed a tick from the skin of their 5-year-old child. After 10 days erythema occurred in the bite mark and it gradually increased. During physical examination the erythema has 7 cm in diameter and has a clearing in the central part. What is the proper management in this case?,Answer: E: serological diagnostics is not necessary; amoxicillin should be administered for 14 days Explanation: Exam anchor: serological diagnostics is not necessary; amoxicillin should be administered for 14 days. Retain this as the single best answer for the clinical fact tested in this stem.,valid,pediatrics leks 2026 valid
219,"Juvenile idiopathic arthritis is the most frequently occurring group of chronic inflammatory systemic diseases of connective tissue observed in the developmental age, of unknown aetiology. Which of the following describes the criteria for diagnosing this condition:","Answer: C: onset of the disease at the age under 16, the symptoms of arthritis lasting six weeks minimum and excluding other possible causes of arthritis from the so-called “list of exclusions” Explanation: Exam anchor: onset of the disease at the age under 16, the symptoms of arthritis lasting six weeks minimum and excluding other possible causes of arthritis from the so-called “list of exclusions”. Retain this as the single best answer for the clinical fact tested in this stem.",valid,pediatrics leks 2026 valid
220,Which from the drugs listed below is used in the treatment of pertussis? . trimethoprim-sulfamethoxazole; 2. azithromycin; 3. amoxicillin; 4. clarithromycin; 5. penicillin V (phenoxymethylpenicillin),"Answer: A: 1,2,4 Explanation: Pertussis treatment/prophylaxis: macrolides are preferred; TMP-SMX is an alternative when macrolides cannot be used in age-appropriate patients.",caveat/updated,pediatrics leks 2026 caveat_updated
221,A patient with an enlarging erythema on the arm presented at the doctor’s office. Current diameter of the erythema is about 12 cm. The doctor diagnosed erythema migrans based on the medical history and the appearance of the lesion. Which of the following should be the next step?,Answer: E: start the treatment with an antibiotic chosen according to recommendations Explanation: Exam anchor: start the treatment with an antibiotic chosen according to recommendations. Retain this as the single best answer for the clinical fact tested in this stem.,valid,pediatrics leks 2026 valid
222,Celiac disease differs from the non-celiac gluten sensitivity in:,"Answer: E: detection of partial or complete villous atrophy in the biopsy of the duodenum Explanation: Coeliac disease can cause malabsorption, poor growth, iron deficiency and extraintestinal symptoms; screen with tTG-IgA plus total IgA while the child is eating gluten.",valid,pediatrics leks 2026 valid
223,Which of the following are signs or symptoms of hypercortisolemia in children? 1) accelerated growth; 2) excessive weight gain; 3) delayed growth; 4) acne; 5) hyperpigmentation,"Answer: B: 2,3,4 Caveat: Legacy A pairs weight gain with accelerated growth. Paediatric hypercortisolism classically causes weight gain with growth deceleration and can cause acne -> 2,3,4 = B. Explanation: Exam anchor: 2,3,4. Retain this as the single best answer for the clinical fact tested in this stem.",caveat/updated,pediatrics leks 2026 caveat_updated
224,"In a 4-year-old child with recurrent respiratory tract infections, hearing impairment and snoring the physical examination showed high-arched palate, distoclusion, mouth breathing and the presence of exudation in the nasal ducts. The most probable cause of the abnormalities is:",Answer: C: hypertrophy of the pharyngeal tonsil Explanation: Exam anchor: hypertrophy of the pharyngeal tonsil. Retain this as the single best answer for the clinical fact tested in this stem.,valid,pediatrics leks 2026 valid
225,Which of the following concerning pertussis is FALSE ?,"Answer: B: vaccination or being ill gives permanent immunity Explanation: Pertussis is treated and close-contact prophylaxis is given with a macrolide, commonly azithromycin; young infants are at highest risk of severe disease.",caveat/updated,pediatrics leks 2026 caveat_updated
226,WHICH OF THE FOLLOWING IS NOT a cause of arterial hypertension in neonates?,"Answer: INVALID / OUTDATED - do not memorize the legacy key Caveat: Neonatal hypertension has several renal/renovascular, medication, endocrine and iatrogenic causes, and more than one listed choice can be disputed as “not a cause.” The item does not support one stable exception. Explanation: INVALID: neonatal hypertension has a broad differential. Renal/renovascular disease, medications, endocrine disorders (including hypertensive CAH variants) and other listed mechanisms can all be relevant; the stem does not yield one clean exception.",invalid/outdated,pediatrics leks 2026 invalid_outdated
227,"Skin lesions that occur in children, especially those in immunosuppression, in a form of small dome-shaped and pearly papules with a dimpled center are related to:",Answer: E: molluscum contagiosum Explanation: Exam anchor: molluscum contagiosum. Retain this as the single best answer for the clinical fact tested in this stem.,valid,pediatrics leks 2026 valid
228,Which of the following CANNOT be a symptom of acute adrenocortical insufficiency in children?,Answer: E: hyperglycemia Explanation: Exam trap: hyperglycemia is the excluded/false choice. The table/true-set above shows what remains correct.,caveat/updated,pediatrics leks 2026 caveat_updated
229,"In a neonate the signs of respiratory distress are observed after the birth: cyanosis, dyspnoe, tachypnoe and scaphoid abdomen. These are indicative of:",Answer: D: diaphragmatic hernia Explanation: Exam anchor: diaphragmatic hernia. Retain this as the single best answer for the clinical fact tested in this stem.,valid,pediatrics leks 2026 valid
230,A pregnant woman (13 weeks of pregnancy) suffering from herpes zoster is concerned about the influence of this infection on her foetus. Choose the right answer concerning this situation:,Answer: A: herpes zoster in a pregnant woman doesn't create a risk for the foetus Explanation: Exam anchor: herpes zoster in a pregnant woman doesn't create a risk for the foetus. Retain this as the single best answer for the clinical fact tested in this stem.,valid,pediatrics leks 2026 valid
231,Which of the following scales is used to assess the maturation of a neonate?,Answer: D: Ballard Explanation: Exam anchor: Ballard. Retain this as the single best answer for the clinical fact tested in this stem.,valid,pediatrics leks 2026 valid
232,WHICH OF THE FOLLOWING IS NOT a CONTRAINDICATION to the breastfeeding?,Answer: D: chronic hepatitis C in the mother Explanation: Exam trap: chronic hepatitis C in the mother is the excluded/false choice. The table/true-set above shows what remains correct.,valid,pediatrics leks 2026 valid
233,Mitochondrial disease is transmitted to the offspring:,Answer: A: by mother Explanation: Exam anchor: by mother. Retain this as the single best answer for the clinical fact tested in this stem.,valid,pediatrics leks 2026 valid
234,Absolute CONTRAINDICATIONS to childhood vaccination include:,Answer: D: anaphylactic reaction to a vaccine component in history Explanation: Exam anchor: anaphylactic reaction to a vaccine component in history. Retain this as the single best answer for the clinical fact tested in this stem.,caveat/updated,pediatrics leks 2026 caveat_updated
235,The drug used in the first line of the treatment of idiopathic nephrotic syndrome in children is:,"Answer: A: prednisone Explanation: Nephrotic syndrome = heavy proteinuria, hypoalbuminaemia, oedema and hyperlipidaemia; minimal-change disease is common in young children and is usually steroid-responsive.",valid,pediatrics leks 2026 valid
236,Gastroesophageal reflux in physiological conditions is a short-term phenomenon. But if it lasts long or the episodes of reflux are frequent it could be the cause of gastroesophageal reflux disease (GERD). Alarming signs of GERD DO NOT include:,"Answer: C: heartburn Explanation: Most infant reflux is physiologic; alarm signs such as dysphagia, haematemesis, weight loss/faltering growth or neurologic/systemic illness prompt evaluation for GERD/other disease.",valid,pediatrics leks 2026 valid
237,Indicate the FALSE statement concerning Schönlein-Henoch purpura:,Answer: A: proteinuria and hematuria are necessary for the diagnosis Explanation: IgA vasculitis (Henoch-Schoenlein) = palpable purpura + abdominal pain + arthralgia +/- renal involvement.,caveat/updated,pediatrics leks 2026 caveat_updated
238,"A 14-year-old patient was admitted to the hospital because of hypertension, edemas, proteinuria and microscopic hematuria. The lab tests showed increased ASO titres, low levels of C3 complement, normal renal function. What is the most probable diagnosis?",Answer: A: acute poststreptococcal glomerulonephritis Explanation: Exam anchor: acute poststreptococcal glomerulonephritis. Retain this as the single best answer for the clinical fact tested in this stem.,valid,pediatrics leks 2026 valid
239,Very high values of acute phase indicators are characteristic of:,Answer: B: systemic onset juvenile idiopathic arthritis Explanation: Exam anchor: systemic onset juvenile idiopathic arthritis. Retain this as the single best answer for the clinical fact tested in this stem.,valid,pediatrics leks 2026 valid
240,A 5-year-old boy is brought to the physician because of a 2-day history of fever and painful swelling of the left ankle. In the past he had recurrent cervical lymphadenitis caused by catalase- positive staphylococcus and was hospitalized twice because of pneumonia. Nitroblue tetrazolium blood test shows no color change. Which of the following is the most likely mechanism of the disorder?,Answer: C: impaired phagocytic oxidative metabolism Explanation: Exam anchor: impaired phagocytic oxidative metabolism. Retain this as the single best answer for the clinical fact tested in this stem. Q241-Q270,caveat/updated,pediatrics leks 2026 caveat_updated
241,The sign and symptoms of hyperparathyroidism DO NOT include:,Answer: C: cirrhosis of the liver Explanation: PTH raises calcium and lowers phosphate through renal phosphate wasting; PTH resistance produces the opposite phosphate pattern.,valid,pediatrics leks 2026 valid
242,Cafe-au-lait spots are typical of:,Answer: C: neurofibromatosis type 1 Explanation: Exam anchor: neurofibromatosis type 1. Retain this as the single best answer for the clinical fact tested in this stem.,valid,pediatrics leks 2026 valid
243,Which of the following hormones are released from the posterior lobe of the pituitary gland?,Answer: C: vasopressin and oxytocin Explanation: Exam anchor: vasopressin and oxytocin. Retain this as the single best answer for the clinical fact tested in this stem.,valid,pediatrics leks 2026 valid
244,"Currently, the most common cause of acquired heart disease in children is:",Answer: C: Kawasaki disease Explanation: Exam anchor: Kawasaki disease. Retain this as the single best answer for the clinical fact tested in this stem.,valid,pediatrics leks 2026 valid
245,WHICH OF THE FOLLOWING IS NOT typical of Henoch-Schönlein purpura?,Answer: E: enlargement of the spleen Explanation: IgA vasculitis (Henoch-Schoenlein) = palpable purpura + abdominal pain + arthralgia +/- renal involvement.,valid,pediatrics leks 2026 valid
246,"The syndrome inherited in an autosomal dominant pattern, with the phenotype most similar to Turner syndrome (short stature, short neck, low ears), and with additional pulmonary artery stenosis and hypertrophic cardiomyopathy is:","Answer: A: Noonan syndrome Explanation: Turner syndrome (45,X or mosaic) classically causes short stature and gonadal dysgenesis; screen for cardiac, renal and thyroid disease.",valid,pediatrics leks 2026 valid
247,The most common solid malignant tumor in children is:,Answer: C: brain tumor Explanation: Exam anchor: brain tumor. Retain this as the single best answer for the clinical fact tested in this stem.,valid,pediatrics leks 2026 valid
248,Which of the following signs and symptoms IS NOT typical of iron-deficiency anemia?,Answer: E: bradycardia Explanation: Exam trap: bradycardia is the excluded/false choice. The table/true-set above shows what remains correct.,valid,pediatrics leks 2026 valid
249,"Live, attenuated vaccines include: 1) BCG; 2) DTP; 3) MMR; 4) OPV; 5) IPV","Answer: C: 1,3,4 Caveat: Legacy A includes DTP and omits BCG. Live attenuated vaccines in the list are BCG, MMR and OPV; DTP and IPV are inactivated -> C. Explanation: Exam anchor: 1,3,4. Retain this as the single best answer for the clinical fact tested in this stem.",caveat/updated,pediatrics leks 2026 caveat_updated
250,Which of the following methods is deciding in the diagnosis of food allergy?,"Answer: D: oral provocation test with suspicious foods Explanation: Food allergy diagnosis starts with a compatible history; targeted IgE testing supports sensitization, while supervised oral food challenge is the reference standard when needed.",valid,pediatrics leks 2026 valid
251,Indicate the FALSE statement concerning HHV6 virus infection:,Answer: A: it is an etiological factor of erythema contagiosum Explanation: Exam trap: it is an etiological factor of erythema contagiosum is the excluded/false choice. The table/true-set above shows what remains correct.,valid,pediatrics leks 2026 valid
252,"A 4-year old boy presents with a fever lasting 6 days. Which of the following conditions, if they were a part of this patient's presentation, would not cause suspicion of Kawasaki disease?",Answer: D: thrombocytopenia Explanation: Kawasaki disease: >=5 days fever plus mucocutaneous findings; coronary aneurysm prevention is why IVIG + aspirin matters.,caveat/updated,pediatrics leks 2026 caveat_updated
253,An anxious mother reports symptoms that according to her and a parents' website require immunological diagnostics. She asks you to clarify which of the following could indicate primary immunodeficiency in her 1-year-old son: 1) three upper respiratory tract viral infections; 2) otitis media; 3) pneumonia; 4) recurrent oral aphthae; 5) persistent cradle cap; 6) lack of weight gain and the inhibition of normal development,Answer: E: only 6 Caveat: The source treats common isolated childhood problems as sufficient PID indicators. A persistent failure to thrive/developmental arrest is the strongest warning sign among these choices; the other single common events are not enough by themselves -> E. Explanation: Exam anchor: only 6. Retain this as the single best answer for the clinical fact tested in this stem.,caveat/updated,pediatrics leks 2026 caveat_updated
254,A 12-year-old dyslectic boy complains of painful nodules on the abdomen. At least 8 spots of cafe au lait type with the diameter of about 10 mm were noted as well as freckle-like dots in the armpits. Which specialist outpatient clinic should he be immediately referred to?,"Answer: E: neurological one, because the diagnostic of neurocutaneous conditions is necessary Explanation: Exam anchor: neurological one, because the diagnostic of neurocutaneous conditions is necessary. Retain this as the single best answer for the clinical fact tested in this stem.",valid,pediatrics leks 2026 valid
255,Enteroviral infections in children DO NOT cause:,Answer: E: influenza Explanation: Exam trap: influenza is the excluded/false choice. The table/true-set above shows what remains correct.,valid,pediatrics leks 2026 valid
256,"Which of the following vaccines may be given to a woman at the 30th week of gestation? 1) against influenza (inactivated vaccine); 2) against chickenpox; 3) against tuberculosis; 4) against diphtheria, tetanus and pertussis (dTpa-an adult type of vaccine); 5) against measles, mumps and rubella","Answer: C: 1,4 Caveat: Legacy A omits Tdap. Inactivated influenza vaccine and Tdap are both appropriate during pregnancy; live varicella, BCG and MMR are contraindicated -> C. Explanation: Exam anchor: 1,4. Retain this as the single best answer for the clinical fact tested in this stem.",caveat/updated,pediatrics leks 2026 caveat_updated
257,"Hypercalcemia may be caused by any of the following, EXCEPT for:",Answer: E: hypoparathyroidism Explanation: Exam trap: hypoparathyroidism is the excluded/false choice. The table/true-set above shows what remains correct.,valid,pediatrics leks 2026 valid
258,"Which of the following is the cytostatic of particularly high cardiotoxicity, which can lead to congestive heart failure?",Answer: C: doxorubicin Explanation: Exam anchor: doxorubicin. Retain this as the single best answer for the clinical fact tested in this stem.,valid,pediatrics leks 2026 valid
259,Haemolytic-uraemic syndrome is:,"Answer: INVALID / OUTDATED - do not memorize the legacy key Caveat: “HUS” is not one aetiology: typical STEC-HUS, complement-mediated atypical HUS and pneumococcal HUS differ. Severe ADAMTS13 deficiency instead indicates TTP. The option set conflates entities, so one universal answer is unsafe. Explanation: INVALID WORDING: “HUS” is heterogeneous. Typical HUS is most often Shiga-toxin-associated; complement-mediated atypical HUS and pneumococcal HUS are different entities. Severe ADAMTS13 deficiency points to TTP, not typical HUS.",invalid/outdated,pediatrics leks 2026 invalid_outdated
260,"According to the current Polish National Program of Immunizations, which of the statements below is FALSE in case of a child with the birth weight of 1700g?",Answer: B: vaccination against hepatitis B should be postponed until the body weight has reached 2000 g Explanation: Exam trap: vaccination against hepatitis B should be postponed until the body weight has reached 2000 g is the excluded/false choice. The table/true-set above shows what remains correct.,valid,pediatrics leks 2026 valid
261,¹²³I-metaiodobenzylguanidine (MIBG) scintigraphy is a method used in children for the diagnosis of:,Answer: B: neuroblastoma Explanation: Exam anchor: neuroblastoma. Retain this as the single best answer for the clinical fact tested in this stem.,valid,pediatrics leks 2026 valid
262,Secondary drug-induced diabetes can occur after the following drugs EXCEPT for:,Answer: E: vildagliptin Explanation: Exam trap: vildagliptin is the excluded/false choice. The table/true-set above shows what remains correct.,valid,pediatrics leks 2026 valid
263,Which of the following symptoms are typical of systemic lupus erythematosus?,"Answer: C: photosensitivity, headache, pancytopenia Explanation: Exam anchor: photosensitivity, headache, pancytopenia. Retain this as the single best answer for the clinical fact tested in this stem.",valid,pediatrics leks 2026 valid
264,A 6-year-old boy demonstrated itchy maculopapular rash and nasal congestion twice after the ingestion of natural yogurt. The symptoms persisted up to several hours. The boy's parents suspect that their child has signs of allergy to cow milk protein. Which of the following tests would be the best to diagnose food allergy?,"Answer: C: double blind, placebo-controlled food challenge Explanation: Food allergy diagnosis starts with a compatible history; targeted IgE testing supports sensitization, while supervised oral food challenge is the reference standard when needed.",valid,pediatrics leks 2026 valid
265,Meningeal irritation symptoms observed in children include: 1) Flatau’s sign; 2) Brudzinski’s symphyseal sign; 3) Lasègue’s sign; 4) Amoss’ sign; 5) Kernig’s sign,"Answer: C: 1,2,4,5 Caveat: Legacy A includes Lasegue, a radicular/sciatic stretch sign. Flatau, Brudzinski symphyseal, Amoss and Kernig are meningeal irritation signs -> C. Explanation: Exam anchor: 1,2,4,5. Retain this as the single best answer for the clinical fact tested in this stem.",caveat/updated,pediatrics leks 2026 caveat_updated
266,"The presence of abscesses, emphysema bladders, pneumothorax and pleural abscess in the radiological image of the lungs in a child indicates the diagnosis of:",Answer: B: staphylococcal pneumonia Explanation: Exam anchor: staphylococcal pneumonia. Retain this as the single best answer for the clinical fact tested in this stem.,caveat/updated,pediatrics leks 2026 caveat_updated
267,Subacute sclerosing panencephalitis (SSPE) occurs with higher rate in children suffering in the early childhood (under 2 years of age) from:,Answer: A: measles Explanation: Exam anchor: measles. Retain this as the single best answer for the clinical fact tested in this stem.,valid,pediatrics leks 2026 valid
268,In the case of erythema migrans diagnosed in a 4-year-old boy the following antibiotics can be used: 1) amoxicillin; 2) doxycycline; 3) cefuroxime axetil; 4) azithromycin; 5) clarithromycin,"Answer: A: 1,2,3 Explanation: Current Lyme erythema migrans therapy includes doxycycline, amoxicillin or cefuroxime; short-course doxycycline is acceptable in children of any age when indicated.",caveat/updated,pediatrics leks 2026 caveat_updated
269,Which of the following is the most common cause of haemolytic-uraemic syndrome in children?,Answer: C: contact with a person suffering from diarrhea Explanation: Exam anchor: contact with a person suffering from diarrhea. Retain this as the single best answer for the clinical fact tested in this stem.,valid,pediatrics leks 2026 valid
270,Which of the following are used in the treatment of von Willebrand disease? 1) factor VIII concentrate with von Willebrand factor; 2) factor IX concentrate; 3) intravenous immunoglobulins; 4) dexamethasone; 5) desmopressin,"Answer: B: 1,5 Caveat: Legacy A includes factor IX, IVIG and dexamethasone. vWD treatment uses desmopressin in suitable patients and vWF-containing factor concentrate when needed -> 1,5 = B. Explanation: Exam anchor: 1,5. Retain this as the single best answer for the clinical fact tested in this stem. Q271-Q300",caveat/updated,pediatrics leks 2026 caveat_updated
271,"A 2-year-old boy was admitted to the hospital because of a high fever in the last 7 days and neck lymphadenopathy. On the 5th day of the fever maculopapular eruptions occurred in the area of the crotch and on the trunk. Conjunctivitis, red lips and „strawberry” tongue were also noted. Laboratory tests showed elevated markers of inflammation (CRP), thrombocytosis, anemia, ALT = 100 U/L, AST = 85 U/L, normal coagulation tests. Which of the following diagnoses is the most probable?",Answer: B: Kawasaki disease Explanation: Exam anchor: Kawasaki disease. Retain this as the single best answer for the clinical fact tested in this stem.,caveat/updated,pediatrics leks 2026 caveat_updated
272,Which of the following is used for the prophylaxis or the treatment of bleeding in von Willebrand disease?,Answer: A: desmopressin Explanation: Exam anchor: desmopressin. Retain this as the single best answer for the clinical fact tested in this stem.,valid,pediatrics leks 2026 valid
273,The most common cause of idiopathic nephrotic syndrome in children is:,"Answer: A: minimal change nephropathy Explanation: Nephrotic syndrome = heavy proteinuria, hypoalbuminaemia, oedema and hyperlipidaemia; minimal-change disease is common in young children and is usually steroid-responsive.",valid,pediatrics leks 2026 valid
274,"Jaundice, low hemoglobin levels, high reticulocyte count, elevated indirect bilirubin levels, negative direct antiglobulin test, decreased erythrocyte osmotic resistance and abnormal EMA test result point to:",Answer: E: spherocytosis Explanation: Exam anchor: spherocytosis. Retain this as the single best answer for the clinical fact tested in this stem.,valid,pediatrics leks 2026 valid
275,A previously healthy 14-year-old girl comes to the physician because of a low-grade fever and a non-productive cough lasted for 7 days. Her temperature is 37.7°C. A few scattered inspiratory crackles are audible. An x-ray of the chest shows interstitial infiltrates and enlarged hilar lymph nodes. Which of the following is the most appropriate initial pharmacotherapy?,Answer: E: clarithromycin or azithromycin Explanation: Exam anchor: clarithromycin or azithromycin. Retain this as the single best answer for the clinical fact tested in this stem.,caveat/updated,pediatrics leks 2026 caveat_updated
276,"A 7-month-old boy presented with a 2-day history of fever up to 39 °C. General condition was good. Physical exam revealed pharyngitis only. On the day 3 temperature normalized and multiform macular, pink-red rush fading under pressure was observed,. What is the most probable aetiology of the presented case?",Answer: B: human herpes virus type 6 (HHV-6) Explanation: Exam anchor: human herpes virus type 6 (HHV-6). Retain this as the single best answer for the clinical fact tested in this stem.,valid,pediatrics leks 2026 valid
277,"Pleocytosis of 600 cell/µl, with high neutrophil prevalence, high protein concentration (1.5 g/l), high lactic acid concentration, and decreased glucose concentration (decreased cerebrospinal fluid-to-serum ratio) in cerebrospinal fluid analysis points to: 1) bacterial meningitis; 2) viral meningitis; 3) tuberculous meningitis; 4) a necessity for immediate antibiotic therapy; 5) a necessity for antibiotic therapy after positive cerebrospinal fluid culture is obtained","Answer: B: 1,4 Caveat: The source key is attached to an option that disappears in the PDF extraction. The CSF pattern is bacterial meningitis and requires immediate empiric antibiotics, so the visible combination 1 + 4 is B. Explanation: SOURCE LAYOUT CORRECTION: the displayed option A is missing. The clinically correct combination is 1 and 4; the source layout/key is malformed.",caveat/updated,pediatrics leks 2026 caveat_updated
278,The treatment recommended for acute sublaryngeal infection may include: 1) intramuscular dexamethasone; 2) inhalled budesonide; 3) inhalled adrenaline; 4) oral prednisone; 5) intramuscular adrenaline,"Answer: E: 1,2,3,4 Caveat: Legacy A omits accepted steroid/adrenaline routes. Croup treatment can include dexamethasone, nebulized budesonide and nebulized epinephrine; oral prednisolone can be used in some settings, whereas IM adrenaline is not routine -> E. Explanation: Croup: corticosteroid (usually dexamethasone; nebulized budesonide is an alternative) + nebulized epinephrine for moderate/severe disease. IM epinephrine is anaphylaxis treatment, not routine croup treatment.",caveat/updated,pediatrics leks 2026 caveat_updated
279,A control chest radiography may be indicated in children treated for pneumonia in the case of: 1) persistent abnormalities on auscultation (at the end of treatment); 2) presence of lung abscess in previous exam; 3) presence of atelectasis in previous exam; 4) presence of pleural exudate in previous exam; 5) severe course of pneumonia,"Answer: INVALID / OUTDATED - do not memorize the legacy key Caveat: The source merges C/D options, and modern CAP guidance does not recommend routine follow-up radiography after uncomplicated recovery. Repeat imaging is selective for persistent/recurrent disease or complications, so the legacy combination cannot be safely used. Explanation: INVALID/MALFORMED: the option text is merged in the source. Modern CAP care does not require routine follow-up chest radiography after uncomplicated clinical recovery; repeat imaging is reserved for persistent/recurrent symptoms or complications.",invalid/outdated,pediatrics leks 2026 invalid_outdated
280,The mother of a 4-year-old child (with uncontrolled asthma) has been diagnosed with influenza (she has been symptomatic since yesterday). The child is a household contact to the mother. Please indicate the appropriate treatment for the child: 1) start oseltamivir (neuraminidase inhibitor) at a prophylactic dose; 2) recommend seeing the doctor immediately if the symptoms of influenza develop in the child; 3) start oseltamivir at a therapeutic dose if the child has a positive diagnostic test for influenza; 4) start oseltamivir at a prophylactic dose only when the child is symptomatic or has a…,"Answer: INVALID / OUTDATED - do not memorize the legacy key Caveat: The source cuts off numbered statements needed to choose the answer. No combination can be audited without inventing missing source content. Explanation: SOURCE TRUNCATION: the stem cuts off statements 4-5. For a high-risk child exposed to influenza, prompt clinician contact and age-appropriate oseltamivir post-exposure prophylaxis can be considered when started within the recommended window; treat promptly if illness develops.",invalid/outdated,pediatrics leks 2026 invalid_outdated
281,"The parents checked at evening hours into emergency dept. with a 12-year-old son who suffered from nausea, vomiting, pain during micturition that radiated to the left groin area, and left lumbar pain since morning. On physical examination, tenderness in the abdominal area and positive Goldflam syndrome on the left side were noted. Laboratory test results revealed normal blood cell count and kidney function, increased CRP, and erythrocyturia in urinalysis. Abdomen ultrasound showed left-sided hydronephrosis. The left ureter was not visible. The right diagnosis is:",Answer: A: urinary system stones Explanation: Exam anchor: urinary system stones. Retain this as the single best answer for the clinical fact tested in this stem.,valid,pediatrics leks 2026 valid
282,"Indicate which of the statements regarding children with confirmed COVID-19 infection are true: 1) over 80% of the children tested have mild infection (are mildly symptomatic or asymptomatic); 2) the high risk groups include, between others, newborns, children with chronic kidney disease, children with obesity; 3) infants and children under 2 years of age always need to be seen by a doctor; 4) oxygen saturation measurement is an essential part of the examination; 5) the markers that can be useful to monitor the cytokine storm include IL-6, ferritin, LDH, and D- dimers","Answer: INVALID / OUTDATED - do not memorize the legacy key Caveat: The COVID-19 statements are tied to an earlier pandemic-era epidemiology/vaccine context. Current recommendations and product availability have changed, so a fixed old combination should not be memorized. Explanation: OUTDATED COVID ITEM: most paediatric COVID remains mild, but age <2 alone does not mean every child must be examined in person. Assess severity clinically (including oxygenation when indicated); inflammatory markers such as ferritin/D-dimer are reserved for significant disease/MIS-C evaluation, not routine mild infection.",invalid/outdated,pediatrics leks 2026 invalid_outdated
283,Initial ambulatory treatment for severe asthma exacerbation in children under 5 years of age consists in:,Answer: B: administration of inhaled short-acting β-mimetics Explanation: Asthma is variable expiratory airflow limitation with wheeze/cough/dyspnoea; inhaled corticosteroid-containing therapy reduces exacerbation risk.,caveat/updated,pediatrics leks 2026 caveat_updated
284,Indicate FALSE statement regarding allergic contact dermatitis:,Answer: C: the symptoms develop within 15-30 min. after exposure to allergen Explanation: Exam trap: the symptoms develop within 15-30 min. after exposure to allergen is the excluded/false choice. The table/true-set above shows what remains correct.,caveat/updated,pediatrics leks 2026 caveat_updated
285,"In contrast to older children and teenagers, the most common neoplastic diseases among children under 5 years of age include:","Answer: C: acute lymphoblastic leukaemia, neuroblastoma, Wilms’ tumour Explanation: Exam anchor: acute lymphoblastic leukaemia, neuroblastoma, Wilms’ tumour. Retain this as the single best answer for the clinical fact tested in this stem.",caveat/updated,pediatrics leks 2026 caveat_updated
286,"A 3-year-old boy was admitted to emergency dept. due to high fever of > 39.5°C lasting for two days, abdominal pain, apathy, lack of appetite and urine odour. Urinalysis showed leukocyturia and the presence of nitrites. Indicate appropriate treatment:","Answer: C: second- or third-generation cephalosporin, intravenously, orally or sequentially Explanation: Exam anchor: second- or third-generation cephalosporin, intravenously, orally or sequentially. Retain this as the single best answer for the clinical fact tested in this stem.",caveat/updated,pediatrics leks 2026 caveat_updated
287,"A 6-month-old infant was admitted to emergency dept. because of inexhaustible cry and anxiety persisting for 3 hours. The parents observed leg curling and pale skin. The child refused to take food and vomited twice since the morning. Physical examination revealed abdominal bloating and some palpable mass in the abdomen, normal body temperature, and a trace of “currant jelly- like” stool on a diaper. What is the most likely diagnosis?",Answer: E: intussusception Explanation: Exam anchor: intussusception. Retain this as the single best answer for the clinical fact tested in this stem.,caveat/updated,pediatrics leks 2026 caveat_updated
288,Indicate true statements regarding measles: 1) IgM antibodies appear after 1-2 days of rash; 2) vitamin A at high doses can be recommended for treatment; 3) ascending macular and maculopapular rash is typical; 4) the risk for subacute sclerosing panencephalitis is higher when the infection occurs within the first few years of life; 5) the period of infectivity lasts for up to 5 days after rash resolution,"Answer: B: 1,2,4 Caveat: Legacy A calls the measles rash ascending. It is cephalocaudal/descending. IgM appears around the first days of rash, vitamin A is recommended in paediatric measles care, and early-childhood infection increases SSPE risk -> 1,2,4 = B. Explanation: Measles = fever, cough, coryza, conjunctivitis, Koplik spots, then a cephalocaudal maculopapular rash.",caveat/updated,pediatrics leks 2026 caveat_updated
289,Which of the vaccinations within the scope of the Preventive Vaccination Programme are included in the list of vaccinations recommended for medical personnel at the paediatric ward: 1) against hepatitis A virus (HAV); 2) against hepatitis B virus (HBV); 3) against influenza; 4) against pertussis; 5) against Neisseria meningitidis,"Answer: D: 2,3,4 Caveat: The source visibly keys A but the A option text is missing. Current Polish occupational guidance consistently prioritizes HepB, seasonal influenza and pertussis for healthcare personnel; meningococcal vaccine is exposure/risk-specific -> displayed D (2,3,4). Explanation: SOURCE LAYOUT CORRECTION: option A is absent in the PDF. The defensible answer is the displayed D combination (2,3,4).",caveat/updated,pediatrics leks 2026 caveat_updated
290,"A mother of a 5-month-old infant reports to have fever and cough lasting for 3 days. On the day of examination, type B influenza was diagnosed (confirmed by rapid test result). The mother is breastfeeding and was vaccinated against flu while pregnant. Indicate relevant treatment in relation to the child’s exposure to influenza:","Answer: A: post-exposure prophylaxis using oseltamivir, at 3 mg/kg body weight, in view of the protective benefits for the child Explanation: Oseltamivir post-exposure prophylaxis is an option for high-risk infants/children after close influenza exposure when started promptly; exact dosing/duration is age- and guideline-dependent.",caveat/updated,pediatrics leks 2026 caveat_updated
291,"In the diagnostics of Kawasaki disease, the clinically significant symptoms DO NOT include:",Answer: E: pneumonia Explanation: Kawasaki disease: >=5 days fever plus mucocutaneous findings; coronary aneurysm prevention is why IVIG + aspirin matters.,caveat/updated,pediatrics leks 2026 caveat_updated
292,Haematological abnormalities are a common symptom of acute lymphoblastic leukaemia in children. Blood morphology test shows: 1) anaemia; 2) thrombocytopenia; 3) low white blood cell count; 4) normal white blood cell count; 5) high white blood cell count,"Answer: A: all of the above Explanation: ALL is the most common childhood leukaemia; prognosis depends on age, WBC, cytogenetics and early treatment response/minimal residual disease.",caveat/updated,pediatrics leks 2026 caveat_updated
293,Indicate true statements regarding mycoplasmatic pneumonia:,"Answer: B: in the course of disease, upper respiratory symptoms and mild fever develop gradually Explanation: Exam anchor: in the course of disease, upper respiratory symptoms and mild fever develop gradually. Retain this as the single best answer for the clinical fact tested in this stem.",valid,pediatrics leks 2026 valid
294,"Although the assessment of cytogenetic and molecular traits IS NOT required in the diagnosis of acute lymphoblastic leukaemia (ALL), they are among the basic classification criteria of ALL. Indicate FALSE statements regarding ALL:","Answer: E: B-ALL is always diagnosed when the number of lymphoblasts > 5% Explanation: ALL is the most common childhood leukaemia; prognosis depends on age, WBC, cytogenetics and early treatment response/minimal residual disease.",caveat/updated,pediatrics leks 2026 caveat_updated
295,"A 15-year-old boy came to the primary care unit because of fever (>38.0 C), fatigue, lack of appetite, profuse night sweats and losing weight. Physical examination confirmed weight loss (>= 10% over last six months), painless cervical and supraclavicular lymphadenopathy. Indicate the most probable diagnosis:",Answer: D: Hodgkin’s lymphoma Explanation: Exam anchor: Hodgkin’s lymphoma. Retain this as the single best answer for the clinical fact tested in this stem.,valid,pediatrics leks 2026 valid
296,"Hodgkin’s lymphoma can be diagnosed based on the findings of all measures listed below, EXCEPT for:","Answer: C: fine-needle aspiration biopsy of lymph node Explanation: Hodgkin lymphoma staging uses Ann Arbor/Cotswolds concepts; B symptoms are fever, drenching night sweats and >10% weight loss in 6 months.",valid,pediatrics leks 2026 valid
297,The leading cause of viral meningitis in children is:,"Answer: A: enteroviruses (EV) Explanation: Bacterial meningitis requires urgent empiric IV antibiotics; CSF pattern helps distinguish bacterial, viral and TB causes when LP is safe.",caveat/updated,pediatrics leks 2026 caveat_updated
298,"Early treatment of pertussis in infants (within the first seven days since the onset of symptoms) can reduce the symptoms of the disease. To effectively eradicate pertussis from the nasopharynx, you should administer:","Answer: A: macrolides Explanation: Pertussis is treated and close-contact prophylaxis is given with a macrolide, commonly azithromycin; young infants are at highest risk of severe disease.",valid,pediatrics leks 2026 valid
299,"Which is the FALSE statement concerning vaccination against measles, mumps and rubella?",Answer: A: children who were not vaccinated at the age of 6 years can only be given the misssing vaccination at the age of 10 years Explanation: Exam trap: children who were not vaccinated at the age of 6 years can only be given the misssing vaccination at the age of 10 years is the excluded/false choice. The table/true-set above shows what remains correct.,valid,pediatrics leks 2026 valid
300,"The following rules should be abided by while performing preventive vaccinations: 1) the interval between the administration of two different vaccines which contain live microorganisms should not be shorter than 4 weeks; 2) the interval between the administration of two different vaccines which DO NOT contain live microorganisms is arbitrary as long as a necessary interval to avoid the adverse events following immunisation (AEFI) overlapping with the subsequent vaccination is maintained; 3) the interval between the administration of a vaccine which contains live microorganisms, and a vaccine…","Answer: INVALID / OUTDATED - do not memorize the legacy key Caveat: The source truncates later numbered vaccination statements, so the keyed combination cannot be reconstructed reliably. Do not manufacture the missing clauses. Explanation: SOURCE TRUNCATION: the stem is cut off. Core rule: two live injectable vaccines not given on the same day should generally be separated by >=4 weeks; non-live vaccines may be given simultaneously or at any interval from other vaccines unless a product-specific rule applies. Q301-Q330",invalid/outdated,pediatrics leks 2026 invalid_outdated
301,"Which is the true statement concerning simple febrile seizures? 1) they are generalized, usually tonic-clonic; 2) their duration is below 15 minutes, usually 5 minutes; 3) they recur within 24 hours; 4) after a seizure, Todd’s paralysis is observed; 5) they are the most frequent febrile seizures","Answer: A: 1,2,5 Explanation: Exam anchor: 1,2,5. Retain this as the single best answer for the clinical fact tested in this stem.",valid,pediatrics leks 2026 valid
302,"Which are the true statements concernig whooping cough? 1) the disease starts with non-specific symptoms of a catarrhal inflammation of the airway which last 10-14 days; 2) following the inflammatory phase a paroxysmal cough occurs, which lasts 4-6 weeks; 3) a paroxysmal cough may be followed by apnoea of various duration; 4) between attacks of cough in uncomplicated whooping cough the patient’s condition is good; 5) the recovery period lasts several weeks",Answer: E: all of the above Explanation: Exam anchor: all of the above. Retain this as the single best answer for the clinical fact tested in this stem.,valid,pediatrics leks 2026 valid
303,Which is the correct procedure following a tick bite?,Answer: E: removal of the tick and disinfection of the site of the bite on the skin Explanation: Exam anchor: removal of the tick and disinfection of the site of the bite on the skin. Retain this as the single best answer for the clinical fact tested in this stem.,valid,pediatrics leks 2026 valid
304,Which of the prophylactic doses of vitamin D in children are INCORRECT for the indicated age group?,"Answer: INVALID / OUTDATED - do not memorize the legacy key Caveat: The vitamin-D concentration categories in the options use older/variable thresholds. Current Polish guidance changed the interpretation ranges, creating more than one mismatch with the old choices. Explanation: OUTDATED/MULTIPLE-ANSWER RISK: current Polish expert guidance gives 0-6 mo 400 IU/day; 6-12 mo 400-600; age 1-3 y 600; age 4-10 y 600-1000 when sun exposure is inadequate; age 11-18 y 1000-2000 when sun exposure is inadequate. Thus the old adolescent 800-IU choice and the infant 1000-2000-IU choice cannot support one clean modern SBA.",invalid/outdated,pediatrics leks 2026 invalid_outdated
305,What are the clinical symptoms of Wilms’ tumour (nephroblastoma)? 1) abdominal tumour; 2) haematuria; 3) abdominal pain; 4) anorexia; 5) hypertension,Answer: E: all of the above Explanation: Wilms tumour is a renal embryonal tumour of early childhood; avoid rough palpation/biopsy outside protocol and remember association with WAGR/Denys-Drash/Beckwith-Wiedemann.,valid,pediatrics leks 2026 valid
306,What are the clinical symptoms of neuroblastoma? 1) pallor; 2) loss of body weight; 3) bone pain; 4) exophthalmos; 5) enlargement of the cervical lymph nodes,"Answer: E: all of the above Explanation: Neuroblastoma arises from sympathetic neural crest tissue, often adrenal; urine HVA/VMA and metastatic patterns (bone/orbit) are classic exam clues.",valid,pediatrics leks 2026 valid
307,Indicate the true statements concering celiac disease: 1) Dühring’s disease is its variant. 2) not adhering to the gluten-free diet increases the risk of development of lymphomas in celiac disease patients. 3) detecting the presence of HLA DQ2 and HLA DQ8 constitutes a 100% confirmation of the diagnosis. 4) the first symptom in a child can be slowing down of the somatic development. 5) there may be a secondary occurrence of lactase deficiency,"Answer: B: 1,2,4,5 Caveat: Legacy A treats HLA-DQ2/DQ8 positivity as diagnostic confirmation. These alleles are common and mainly useful for exclusion when absent; the true set is dermatitis herpetiformis, lymphoma risk with untreated disease, growth slowing and secondary lactase deficiency -> B. Explanation: Coeliac disease can cause malabsorption, poor growth, iron deficiency and extraintestinal symptoms; screen with tTG-IgA plus total IgA while the child is eating gluten.",caveat/updated,pediatrics leks 2026 caveat_updated
308,"A 16-year-old male patient reported to a physician due to a sore throat, fever up to 39°C and enlarged cervical lymph nodes. There was a sudden onset of the symptoms. The patient DOES NOT cough, DOES NOT have a runny nose. The physical examination revealed reddening of the palatine tonsils, no abnormalities were detected, otherwise. Indicate the right further management:","Answer: D: a rapid test for Streptococcus pyogenes infection, and if the test is positive, treatment with phenoxymethylpenicillin for 10 days Explanation: Exam anchor: a rapid test for Streptococcus pyogenes infection, and if the test is positive, treatment with phenoxymethylpenicillin for 10 days. Retain this as the single best answer for the clinical fact tested in this stem.",caveat/updated,pediatrics leks 2026 caveat_updated
309,What are the most common pathogens that cause of meningitis in newborns?,"Answer: D: E. coli, Streptococcus agalactiae, Listeria monocytogenes, Klebsiella pneumoniae Caveat: Legacy E (S. pyogenes alone) is not the neonatal meningitis pathogen pattern. Neonatal disease is classically dominated by GBS and Gram-negative enteric bacilli, with Listeria included in standard empiric teaching -> D among the offered choices. Explanation: Bacterial meningitis requires urgent empiric IV antibiotics; CSF pattern helps distinguish bacterial, viral and TB causes when LP is safe.",caveat/updated,pediatrics leks 2026 caveat_updated
310,"Due to the necessity to fill the vascular bed in case of sepsis in a child who weighs 15kg, within the first ten minutes cristalloids should be administered in the volume of approximately:","Answer: D: 150 mL Explanation: 2026 paediatric sepsis: fluid boluses are 10-20 mL/kg with reassessment after each bolus; with ICU availability, up to 40-60 mL/kg may be given in the first hour if shock persists and there is no fluid overload. For 15 kg, 150 mL is a valid 10 mL/kg initial bolus.",caveat/updated,pediatrics leks 2026 caveat_updated
311,"Indicate the right diagnosis in a 3-year-old boy with the following capillary blood gas analysis parameters-pH 7.3, pCO 55 mmHg, HCO 22 mmol/L, BE -2 and pO 50 mmHg:",Answer: C: uncompensated respiratory acidosis Explanation: Exam anchor: uncompensated respiratory acidosis. Retain this as the single best answer for the clinical fact tested in this stem.,caveat/updated,pediatrics leks 2026 caveat_updated
312,Human papilloma virus infection is one of the most common viral infections. Small common warts located on the extremities may be treated with all of the following EXCEPT for:,Answer: C: a 1% mupirocin ointment Explanation: Exam trap: a 1% mupirocin ointment is the excluded/false choice. The table/true-set above shows what remains correct.,caveat/updated,pediatrics leks 2026 caveat_updated
313,Which of the following is true about pyloric hypertrophy (pylorostenosis)?,Answer: E: the treatment of choice is pyloromyotomy Explanation: Exam anchor: the treatment of choice is pyloromyotomy. Retain this as the single best answer for the clinical fact tested in this stem.,caveat/updated,pediatrics leks 2026 caveat_updated
314,Glycogenoses are rare metabolic diseases in which glycogen is stored in different organs. Which of the following is a glycogenosis connected with an enzymatic defect of lysosomal alpha- glucosidase and occurs in two variants-a childhood one and a juvenile one?,Answer: A: Pompe disease (type II) Explanation: Exam anchor: Pompe disease (type II). Retain this as the single best answer for the clinical fact tested in this stem.,caveat/updated,pediatrics leks 2026 caveat_updated
315,Which of the following is the most common extracranial tumour occurring in children below 5 years of age?,Answer: A: neuroblastoma Explanation: Exam anchor: neuroblastoma. Retain this as the single best answer for the clinical fact tested in this stem.,caveat/updated,pediatrics leks 2026 caveat_updated
316,Which of the following is true about contagious impetigo?,Answer: C: it is characterised by the formation of blisters and spots with honey-coloured scabs Explanation: Impetigo causes superficial vesicles/pustules with honey-coloured crust; S. aureus and GAS are typical pathogens.,caveat/updated,pediatrics leks 2026 caveat_updated
317,Which of the following diseases is associated with niacin/nicotinamide deficiency?,Answer: A: pellagra Explanation: Exam anchor: pellagra. Retain this as the single best answer for the clinical fact tested in this stem.,caveat/updated,pediatrics leks 2026 caveat_updated
318,Which of the following is true about Lyme disease?,"Answer: C: doxycycline is the treatment of choice in children below 9 years of age Explanation: Lyme erythema migrans can be treated with doxycycline in children of any age; amoxicillin and cefuroxime are also first-line choices, so “the treatment of choice” is overly exclusive.",caveat/updated,pediatrics leks 2026 caveat_updated
319,Legionella pneumophila infection was a serious problem in Poland last year. Which of the following is FALSE about legionellosis?,Answer: A: in small children it occurs quite often but has a mild course Explanation: Exam trap: in small children it occurs quite often but has a mild course is the excluded/false choice. The table/true-set above shows what remains correct.,caveat/updated,pediatrics leks 2026 caveat_updated
320,Which condition IS NOT caused by bacteria from the Streptococcus group?,Answer: C: lichen planus Explanation: Exam trap: lichen planus is the excluded/false choice. The table/true-set above shows what remains correct.,caveat/updated,pediatrics leks 2026 caveat_updated
321,Cyanotic congenital heart defects include: 1) Fallot’s tetralogy; 2) dextro-transposition of the great arteries; 3) Eisenmenger syndrome; 4) ventricular septal defect; 5) aortic stenosis,"Answer: C: 1,2,3 Caveat: Legacy A includes aortic stenosis and omits Eisenmenger physiology. TOF, TGA and Eisenmenger syndrome are cyanotic; isolated VSD and aortic stenosis are typically acyanotic -> C. Explanation: Exam anchor: 1,2,3. Retain this as the single best answer for the clinical fact tested in this stem.",caveat/updated,pediatrics leks 2026 caveat_updated
322,The most common disease inherited in an autosomal recessive manner is:,Answer: A: cystic fibrosis Explanation: Exam anchor: cystic fibrosis. Retain this as the single best answer for the clinical fact tested in this stem.,caveat/updated,pediatrics leks 2026 caveat_updated
323,Iron-deficiency anaemia is characterised by: 1) increased MCV; 2) increased MCH; 3) increased ferritin; 4) increased transferrin; 5) decreased TIBC,"Answer: D: only 4 Caveat: Legacy A reverses the iron-deficiency indices. IDA has low MCV/MCH/ferritin, increased transferrin/TIBC; among the statements only increased transferrin is true -> D. Explanation: Exam anchor: only 4. Retain this as the single best answer for the clinical fact tested in this stem.",caveat/updated,pediatrics leks 2026 caveat_updated
324,Which of the following statements is true about neuroblastoma? 1) it is most commonly located in the kidneys; 2) tumour cells display an increased uptake of MIBG in scintigraphy; 3) it is the most common in schoolchildren; 4) it is the most common in infants and small children; 5) it may infiltrate the bone marrow,"Answer: C: 2,4,5 Caveat: Legacy A places neuroblastoma in the kidney and school age. Neuroblastoma is usually adrenal/sympathetic, common in infants/young children, is MIBG-avid and can infiltrate marrow -> 2,4,5 = C. Explanation: Neuroblastoma arises from sympathetic neural crest tissue, often adrenal; urine HVA/VMA and metastatic patterns (bone/orbit) are classic exam clues.",caveat/updated,pediatrics leks 2026 caveat_updated
325,"A 3-year-old child has had a fever of 39.5°C for two days, which has been causing the child to wake up screaming at night and have a poor appetite. The child has had a watery runny nose for five days. Also, a purulent discharge from the right ear has been observed. What is the optimal course of action?",Answer: D: acute purulent otitis media should be diagnosed and empirical antibiotic therapy should be instituted Explanation: Exam anchor: acute purulent otitis media should be diagnosed and empirical antibiotic therapy should be instituted. Retain this as the single best answer for the clinical fact tested in this stem.,caveat/updated,pediatrics leks 2026 caveat_updated
326,"Which of the following statements are true about compulsory vaccinations in Poland? 1) vaccination against rotaviruses is performed with an intramuscular polysaccharide vaccine; 2) in the first day of a newborn’s life, the newborn is vaccinated against tuberculosis and receives the first dose of a vaccine against hepatitis B; 3) the recommended interval between two live vaccines containing attenuated pathogens is 4 weeks; 4) the MMR vaccine contains live- attenuated viral pathogens; 5) vaccination against tick-borne encephalitis is compulsory for all children below 8 years of age","Answer: B: 2,3,4 Caveat: Legacy A says rotavirus vaccine is IM polysaccharide and TBE is compulsory. Rotavirus vaccine is oral live; newborn BCG+HBV, the 4-week spacing rule for separate live parenteral vaccines, and live MMR are the true statements -> B. Explanation: Exam anchor: 2,3,4. Retain this as the single best answer for the clinical fact tested in this stem.",caveat/updated,pediatrics leks 2026 caveat_updated
327,Growth charts should be used as a point of reference for blood pressure in children. The charts take into account: 1) the age; 2) the sex; 3) the weight; 4) the height; 5) the height centile,"Answer: A: 1,2,5 Explanation: Exam anchor: 1,2,5. Retain this as the single best answer for the clinical fact tested in this stem.",caveat/updated,pediatrics leks 2026 caveat_updated
328,A pulse of 60/min in a 3-month-old infant:,Answer: C: is bradycardia Explanation: Exam anchor: is bradycardia. Retain this as the single best answer for the clinical fact tested in this stem.,caveat/updated,pediatrics leks 2026 caveat_updated
329,According to Polish recommendations: 1) the first-line course of action in the case of pneumonia in a 3-week-old child is careful observation without antibiotic therapy; 2) a mild- course community-acquired pneumonia in children between 4 months and 5 years of age may not be treated with antibiotics as most infections are viral; 3) Listeria monocytogenes is responsible for most cases of pneumonia in children above 5 years of age; 4) viral pneumonia CANNOT be distinguished from bacterial pneumonia by means of a radiological examination; 5) macrolides should be used as drugs of first choice in…,"Answer: INVALID / OUTDATED - do not memorize the legacy key Caveat: The source cuts off statement 5 and also refers to an older CAP recommendation set. Because the answer combinations depend on missing text, it cannot be safely re-keyed; use current IDSA/PIDS principles instead. Explanation: SOURCE TRUNCATION/2026 CAP UPDATE: neonates with suspected pneumonia require urgent medical assessment and antibiotics, not watchful waiting. In older preschool children many CAP cases are viral, and chest radiography alone cannot reliably distinguish viral from bacterial pneumonia. Antibiotic choice depends on age/severity and current guidance.",invalid/outdated,pediatrics leks 2026 invalid_outdated
330,Stage 1 of the Tanner scale means that:,Answer: A: the child does not display any characteristics of puberty Explanation: Tanner stage I is prepubertal; stage II marks onset of breast/testicular enlargement and sparse pubic hair. Q331-Q358,caveat/updated,pediatrics leks 2026 caveat_updated
331,"Which of the following statements are true about meningitis in children? 1) it requires an immediate institution of empirical antibiotic therapy before its aetiology is established; 2) most cases are of viral aetiology; 3) the symptoms might include: vomiting accompanied by headaches, nape stiffness, photophobia, fever; 4) cerebrospinal fluid analysis may reveal an increase in inflammatory cells and protein, regardless of the aetiology; 5) it always leads to irreversible changes in the brain","Answer: B: 2,3,4 Caveat: Legacy A includes “meningitis always causes irreversible brain changes,” which is false. Viral causes predominate overall; headache/vomiting/fever/neck stiffness/photophobia and CSF pleocytosis/protein elevation may occur across aetiologies -> 2,3,4 = B. Suspected bacterial meningitis still requires urgent empiric antibiotics. Explanation: Meningitis can be viral or bacterial. If bacterial meningitis is suspected, start empiric antibiotics immediately after cultures/LP when safe, but never delay therapy for procedures in an unstable child.",caveat/updated,pediatrics leks 2026 caveat_updated
332,"When diabetes type 1 is diagnosed in children, the following abnormalities may be observed in lab tests? 1) increased levels of glycated haemoglobin; 2) the presence of anti-GAD antibodies in the blood; 3) glycosuria; 4) a high insulin concentration in the blood; 5) metabolic alkalosis","Answer: B: 1,2,3 Caveat: Legacy A omits pancreatic autoantibodies. New T1D can show high HbA1c, anti-GAD antibodies and glycosuria; insulin is not high and DKA causes acidosis, not alkalosis -> B. Explanation: Exam anchor: 1,2,3. Retain this as the single best answer for the clinical fact tested in this stem.",caveat/updated,pediatrics leks 2026 caveat_updated
333,Congenital adrenal hyperplasia may be detected in a screening test of a newborn when a dried blood spot test reveals:,Answer: D: increased 17-hydroxyprogesterone Explanation: Exam anchor: increased 17-hydroxyprogesterone. Retain this as the single best answer for the clinical fact tested in this stem.,caveat/updated,pediatrics leks 2026 caveat_updated
334,Which of the following statements are true about constipation in children? 1) it is the most common cause of abdominal pain in children; 2) macrogols are the drugs of choice in the treatment of children above 6 months of age; 3) it is caused by a high amount of fibre in the child’s diet; 4) Hirschsprung’s disease is a common cause; 5) the treatment of functional constipation is long-lasting and often requires at least 2 months of pharmacotherapy,"Answer: A: 1,2,5 Explanation: Functional constipation is clinical (Rome criteria); investigations are reserved for alarm features or refractory/atypical disease.",valid,pediatrics leks 2026 valid
335,Calculate the basic daily fluid requirements for a 27-kg healthy child using the Holliday- Segar formula:,Answer: B: 1640 mL Explanation: Exam anchor: 1640 mL. Retain this as the single best answer for the clinical fact tested in this stem.,caveat/updated,pediatrics leks 2026 caveat_updated
336,Features characteristic of complex febrile seizures are: 1) focal onset; 2) seizure lasting <15 minutes; 3) postictal paresis; 4) >1 seizure/24 hours; 5) most frequent in children aged 6 months to 9 years; 6) history of prior brain injury,"Answer: INVALID / OUTDATED - do not memorize the legacy key Caveat: Complex febrile seizure is defined by focality, duration >=15 minutes and/or recurrence within 24 hours; Todd paresis supports focality. The offered combinations do not align with that truth set, so the legacy answer is unsafe. Explanation: INVALID: complex febrile seizure = focal features OR duration >=15 min OR recurrence within 24 h. Todd paresis supports focality. Typical febrile-seizure age is about 6 months-5 years. The offered combinations do not match the true set.",invalid/outdated,pediatrics leks 2026 invalid_outdated
337,Differential diagnosis of Epstein-Barr virus (EBV) infection relies on specific antibodies. Select the correct antibody test result in a patient with past infection (the patient had the infection previously): 1) anti-VCA IgM-positive result; 2) anti-VCA IgM-negative result; 3) anti-VCA IgG-positive result; 4) anti-VCA IgG-negative result; 5) anti-EA IgG-positive result; 6) anti-EA IgG-negative result; 7) anti-EBNA-positive result; 8) anti-EBNA-negative result,"Answer: C: 2,3,6,7 Caveat: Legacy A describes acute infection. Past EBV infection is VCA IgM negative, VCA IgG positive, EBNA positive, and EA IgG typically negative -> 2,3,6,7 = C. Explanation: Exam anchor: 2,3,6,7. Retain this as the single best answer for the clinical fact tested in this stem.",caveat/updated,pediatrics leks 2026 caveat_updated
338,Select the FALSE statement about nephroblastoma:,"Answer: B: the basis for initiating treatment is a diagnostic biopsy with histologic examination Explanation: Wilms/nephroblastoma: routine preoperative biopsy is not the standard in classic SIOP management; treatment commonly begins with preoperative chemotherapy, and bilateral disease is stage V.",caveat/updated,pediatrics leks 2026 caveat_updated
339,Select the correct statement(s) about spinal muscular atrophy (SMA):,"Answer: E: all answers are correct Explanation: SMA: type I (Werdnig-Hoffmann) is severe infantile disease; type III (Kugelberg-Welander) begins after 18 months and has a much milder course. Tremor can occur, especially a fine postural hand tremor.",caveat/updated,pediatrics leks 2026 caveat_updated
340,"The current 2025 immunization schedule includes both mandatory and recommended vaccinations. Which of the following are recommended vaccinations? 1) BCG-vaccination against tuberculosis; 2) TBE-vaccination against tick-borne encephalitis; 3) COVID-19-vaccination against COVID-19; 4) MenB-vaccination against meningococcal serogroup B; 5) MenACWY-vaccination against meningococcal serogroups A, C, W, Y; 6) IIV-inactivated influenza vaccination; 7) LAIV-live influenza vaccination in a nasal spray; 8) MMR-vaccination against measles, mumps and rubella","Answer: C: 2,3,4,5,6,7 Caveat: Legacy A lists BCG/MMR as recommended, but they are routine mandatory vaccines in Poland. In the 2026 framework TBE, COVID-19, MenB, MenACWY and influenza vaccines are in the recommended category -> C. Explanation: Use the 2026 Polish PSO. General mandatory childhood vaccines include BCG, HBV, rotavirus, DTP, IPV, Hib, pneumococcal and MMR; varicella is mandatory for selected risk groups. Always check age-specific timing.",caveat/updated,pediatrics leks 2026 caveat_updated
341,Indicate the FALSE statement about subglottic laryngitis:,"Answer: D: in more severe cases it is also possible to use 1% nebulized adrenaline (epinephrine) at a dose of 5 mL/kg body weight Explanation: Croup: dexamethasone is standard; nebulized budesonide is an alternative. Nebulized epinephrine is used for moderate/severe croup, but “1% epinephrine 5 mL/kg” is a grossly incorrect dose/formulation statement.",caveat/updated,pediatrics leks 2026 caveat_updated
342,"Select the correct recommendations for the management of community-acquired pneumonia in children: 1) it IS NOT recommended to routinely perform blood cultures in children with community- acquired pneumonia treated on an outpatient basis; 2) blood cultures can be helpful in children with community-acquired pneumonia in severe condition; 3) it is recommended to routinely perform sputum culture and a nasopharyngeal swab in children with community-acquired pneumonia; 4) sputum culture should be performed also in children in good general condition; 5) before ordering cultures, it is recommended…","Answer: INVALID / OUTDATED - do not memorize the legacy key Caveat: The source truncates the later pneumonia statements. Because the combinations rely on missing clauses and the CAP guideline was updated in 2026, the old key cannot be safely retained. Explanation: SOURCE TRUNCATION + 2026 CAP UPDATE: outpatient uncomplicated CAP does not need routine blood cultures. Obtain cultures in severe/hospitalized or complicated disease when results could change management; routine sputum/nasopharyngeal bacterial cultures are not recommended for every well child.",invalid/outdated,pediatrics leks 2026 invalid_outdated
343,Thrombophilia DOES NOT include:,Answer: E: haemophilia A Explanation: Exam trap: haemophilia A is the excluded/false choice. The table/true-set above shows what remains correct.,caveat/updated,pediatrics leks 2026 caveat_updated
344,The first-line treatment in a 16-year-old child >40 kg with a diagnosed stage 1 essential hypertension includes all of the listed agents EXCEPT for:,"Answer: INVALID / OUTDATED - do not memorize the legacy key Caveat: Current paediatric first-line antihypertensive classes include ACEi/ARB, long-acting CCB and thiazide diuretic. Both alpha- and beta-blockers are generally not routine first-line choices, so the single-EXCEPT construction has more than one answer. Explanation: INVALID: current first-line paediatric antihypertensive classes are ACE inhibitor/ARB, long-acting calcium-channel blocker or thiazide diuretic. Both beta-blockers and alpha-blockers are generally reserved rather than routine first-line choices, so the item has more than one “EXCEPT.”",invalid/outdated,pediatrics leks 2026 invalid_outdated
345,Indicate the FALSE statement regarding the clinical staging of Hodgkin lymphoma:,"Answer: E: stage V refers to the spread to the central nervous system and cerebrospinal fluid, involvement of the lymph nodes on both sides of the diaphragm, and malignant pleural or peritoneal effusion without any other extralymphatic lesions Explanation: Hodgkin lymphoma staging uses Ann Arbor/Cotswolds concepts; B symptoms are fever, drenching night sweats and >10% weight loss in 6 months.",caveat/updated,pediatrics leks 2026 caveat_updated
346,Indicate the FALSE statement regarding acute renal failure in children:,"Answer: B: the use of sulfonamides is the most common pre-renal cause of acute renal failure Explanation: AKI in children is commonly prerenal from hypovolaemia/dehydration; renal and postrenal causes must be considered from history, urinalysis and imaging.",caveat/updated,pediatrics leks 2026 caveat_updated
347,"Indicate the true statements regarding bone tumors in children: 1) osteosarcoma is the second most common bone tumor in children; 2) the characteristic feature of osteosarcoma is that it metastasizes to the lungs; 3) the first-choice diagnostic test for bone lesions is an MIBG (3- iodobenzylguanidine) scintigraphic scan; 4) methotrexate IS NOT used in the course of treatment for osteosarcoma; 5) Ewing sarcoma can also occur in the soft tissues; 6) if distant metastases is detected (Stage IV), Ewing sarcoma is associated with a 5- year survival in 15-20% of cases","Answer: INVALID / OUTDATED - do not memorize the legacy key Caveat: The source combination relies on a fixed stage-IV Ewing survival percentage and other era-dependent statements. Robust facts can be retained, but the exact combination is not stable enough for a 2026 single-best answer. Explanation: Ewing sarcoma commonly metastasizes to lung and bone/bone marrow; extraskeletal Ewing exists. Survival percentages are stage- and era-dependent, so use the directional prognostic facts rather than memorizing an old exact percentage.",invalid/outdated,pediatrics leks 2026 invalid_outdated
348,"A 4-year-old child with an abdominal lump on an ultrasound scan is admitted into the Pediatric Emergency Department. The lump is localized in the plan view of the right kidney, size: 8x7x7 cm. It IS NOT encapsulated and infiltrates the adjacent structures. There are metastases to the local lymph nodes. A physical examination has revealed edema of the temporozygomatic region with bilaterally visible periorbital hematomas. Indicate the true statement(s) regarding the above clinical scenario (diagnosis and prognosis): 1) one of the steps to ensure proper diagnostic workup is to order a 24-hour…","Answer: INVALID / OUTDATED - do not memorize the legacy key Caveat: The source truncates numbered statements required by the answer combinations. The legacy key cannot be independently audited. Explanation: SOURCE TRUNCATION: the question ends mid-statement (“24-hour…”), so the answer set cannot be reconstructed. Periorbital ecchymoses with an infiltrative adrenal/retroperitoneal mass strongly suggests neuroblastoma; work-up includes urine catecholamine metabolites and metastatic staging.",invalid/outdated,pediatrics leks 2026 invalid_outdated
349,"A 5-month-old infant is admitted to the Pediatric Emergency Department, presenting with symptoms of a respiratory infection which started a few days earlier, following a cold and cough for several days. The child had a fever of up to 39°C, rapid breathing rate (50/min) and difficulty breathing, with clearly detectable intercostal retractions. A physical examination revealed audible crackles in both lungs and tachycardia. A radiological study of the chest showed shadowing in the lungs, suggestive of an inflammation. Laboratory test results showed an elevated CRP level (132 mg/l) and elevated…","Answer: INVALID / OUTDATED - do not memorize the legacy key Caveat: The source truncates the clinical stem/answer-defining information. Do not force a single answer from incomplete source text. Explanation: SOURCE TRUNCATION: the clinical vignette is cut off before the question is complete. Severe infant pneumonia with respiratory distress requires hospital-level assessment; blood cultures are appropriate in severe disease, while routine fluoroquinolones are not first-line infant CAP therapy.",invalid/outdated,pediatrics leks 2026 invalid_outdated
350,Indicate true statement(s) regarding pre-excitation syndromes: 1) a pre-excitation syndrome is a premature activation of the ventricles through an accessory pathway connecting the atrium and ventricle; 2) WPW (Wolff-Parkinson-White) syndrome features prolonged PR interval and QRS rd complex widened by the delta wave; 3) LGL (Lown-Ganong-Levine) syndrome features shortened PR interval and QRS complex widened by the delta wave; 4) digoxin is the medication of choice in the treatment of WPW syndrome; 5) clinical symptoms of pre-excitation syndromes occur during bradycardia; 6) from around the…,"Answer: INVALID / OUTDATED - do not memorize the legacy key Caveat: Statement 6 is cut off in the source, and several remaining statements are already clearly false (WPW has short PR; digoxin is not the default treatment and can be dangerous in pre-excited AF). The combination cannot be reconstructed. Explanation: SOURCE TRUNCATION: WPW = short PR + delta wave + wide QRS due to an accessory pathway. LGL is a historical label with short PR and normal QRS/no delta. Avoid AV-nodal blockers such as digoxin in pre-excited atrial fibrillation.",invalid/outdated,pediatrics leks 2026 invalid_outdated
351,"A 4-month-old infant was brought to the paediatric Emergency Department by his father due to watery nasal discharge. The parent, after reading information online, suspects acute sinusitis. Indicate true statement:","Answer: B: the sphenoid sinuses become aerated after 3 years of age Explanation: Paranasal sinuses develop at different ages: maxillary/ethmoid are present very early, sphenoid aerates later in early childhood, and frontal sinuses develop later. A 4-month-old with simple watery rhinorrhoea is far more likely to have viral rhinitis than bacterial sinusitis.",caveat/updated,pediatrics leks 2026 caveat_updated
352,"Indicate FALSE statement(s) regarding coagulopathies: 1) haemophilia type A is inherited in an autosomal recessive manner; 2) haemophilia type A results from a deficiency of factor VIII; 3) haemophilia type B is inherited in an autosomal dominant manner; 4) in 80% of cases there is a positive family history, while sporadic cases are caused by new mutations; 5) haemophilia types A and B occur mainly in boys; females are carriers, although the disease may also occur in girls; 6) typical manifestations of haemophilia include intra-articular and intra- muscular bleeding; 7) the severe form of…","Answer: INVALID / OUTDATED - do not memorize the legacy key Caveat: Statement 7 is cut off. Statements 1 and 3 are already false because haemophilia A and B are X-linked recessive, but without statement 7 the requested false-set combination cannot be finalized. Explanation: SOURCE TRUNCATION: haemophilia A and B are X-linked recessive deficiencies of factors VIII and IX; deep muscle/hemarthrosis bleeding is typical, and severe disease means factor activity <1%. The missing statement 7 prevents a reliable combination answer.",invalid/outdated,pediatrics leks 2026 invalid_outdated
353,"According to the 2026 vaccination schedule, the mandatory vaccinations administered during the first year of life include: (BCG-vaccination against tuberculosis, DTP-vaccination against diphtheria, tetanus, and pertussis, IPV-intramuscular vaccine against poliomyelitis, OPV-oral poliomyelitis vaccine, PCV-vaccination against pneumococcal infection, RV-vaccination against rotavirus infection, HBV-vaccination against hepatitis B, Hib-vaccination against Haemophilus influenzae type B, MMR-vaccination against measles, mumps, and rubella)","Answer: C: BCG, DTP, IPV, PCV, RV, HBV, Hib Explanation: This item is already labelled 2026 but had no source answer marker. In the first year, Polish mandatory vaccines include BCG, HBV, rotavirus, DTP, Hib, PCV and IPV; MMR starts at 13-15 months -> C. 📊 2026 Polish PSO — mandatory vaccines in the first year Age window Key mandatory vaccines Birth / first 24h BCG + HBV 2 months DTP, IPV, Hib, PCV, RV 3-4 months next DTP/IPV/Hib + RV/PCV sequence 5-6 months further DTP/IPV/Hib doses (per schedule/product) 6-7 months HBV completion dose Note: MMR starts after the first birthday (13-15 months). OPV is not part of the routine schedule. 💡 MEMORIZE 2026 Polish PSO, first year: BCG, HBV, rotavirus, DTP, IPV, Hib and pneumococcal vaccination are given. MMR begins after the first birthday (13-15 months), and OPV is not used in the routine schedule.",caveat/updated,pediatrics leks 2026 caveat_updated
354,"According to the 2026 vaccination schedule, the recommended (non-mandatory) vaccinations for children include immunization against: 1) influenza; 2) hepatitis A; 3) meningococcal infection; 4) pneumococcal infection; 5) human papillomavirus (HPV), 6) COVID-19; 7) chickenpox (varicella)","Answer: A: 1, 2, 3, 5, 6, 7 Explanation: The source answer remains A after a 2026 check: influenza, HAV, meningococcal, HPV, COVID-19 and varicella are recommended categories; pneumococcal vaccine is routine mandatory for the general paediatric schedule (with risk-specific nuances). 📊 2026 Polish PSO — recommended vs general mandatory vaccines Recommended / non-mandatory Already in the general mandatory schedule Influenza Pneumococcal vaccine Hepatitis A — Meningococcal vaccines — HPV — COVID-19 — Varicella (outside mandatory risk groups) — Note: That is why statement 4 (pneumococcal infection) does not belong in the “recommended only” answer set. 💡 MEMORIZE 2026 Polish PSO: recommended/non-mandatory vaccines include influenza, hepatitis A, meningococcal, HPV, COVID-19 and varicella (outside defined mandatory risk groups). Pneumococcal vaccination is mandatory for the general paediatric population, so statement 4 does not belong in the “recommended only” set.",caveat/updated,pediatrics leks 2026 caveat_updated
355,Indicate FALSE statement regarding the congenital autoinflammatory syndrome PFAPA in children:,"Answer: B: the gene responsible for the occurrence of PFAPA is ABC1 Explanation: PFAPA has no single established “ABC1 gene.” It is a clinical autoinflammatory syndrome with periodic fever, aphthous stomatitis, pharyngitis and cervical adenitis, usually beginning in early childhood and with a good prognosis.",caveat/updated,pediatrics leks 2026 caveat_updated
356,Indicate true statement regarding the treatment of osteosarcoma in children:,"Answer: A: preoperative chemotherapy includes ifosfamide, cisplatin, adriamycin, and high-dose methotrexate with calcium folinate Explanation: Osteosarcoma is treated with multi-agent chemotherapy plus definitive surgery; limb-sparing surgery is preferred when oncologically feasible. Prognosis depends strongly on metastases and response to chemotherapy.",caveat/updated,pediatrics leks 2026 caveat_updated
357,"Hemorrhagic disease of the newborn can be caused by vitamin K deficiency. This leads to the decreased levels of several coagulation factors, primarily those belonging to the prothrombin complex. Indicate the correct set of factors affected with level decrease:","Answer: A: II, VII, IX, X Explanation: Vitamin K is required for gamma-carboxylation of factors II, VII, IX and X (and proteins C/S). Deficiency prolongs PT first because factor VII has the shortest half-life.",caveat/updated,pediatrics leks 2026 caveat_updated
358,Indicate true statement regarding NEC (necrotizing enterocolitis):,"Answer: A: pneumatosis intestinalis visible on abdominal X-ray is a specific feature Explanation: NEC: pneumatosis intestinalis on abdominal radiograph is a classic specific finding. Prematurity is the major risk factor; severe disease can progress to systemic instability/DIC, but DIC is not a stage-I defining feature.",caveat/updated,pediatrics leks 2026 caveat_updated
